X,Y,Z,a,b,c,d,e,f,g,h,i,j,k,l,m,n,o,p,q,r,s,t,u,v,w,x,y,z,ba,bb,bc
-0.158575928,1,-0.129062597,2123.847,744.464,1,22.76839066,0.482982099,0.65491147,0.75068,3.051282307,0.1246,0,5,2.0748,-24.98080063,28.39299583,0,0,0,0,1,0,1,0.67131333,59.2899,2.2646,0.085809507,0.107566667,-0.1189,0.085809507,0.107566667
-0.135220126,1,-0.282476245,2410.23,727.285,2,134.4078827,2.231302023,0.120017247,0,0.136639207,0.03,0,0.69,1.2296,38.91160202,64.51268005,0,0,0,0,0,1,1,0.206600112,32.88,2.7811,0.113357895,0.16438,0.1488,0.113357895,0.16438
0.089480351,0,-0.018132783,2105.999,690.497,1,44.83337021,0.999201536,0.414758263,0.45923333,0.919805603,0.294,0,6.57,4.4359,19.6196003,37.61816025,0,0,0,0,0,1,1,0.379951255,11.0297,2.7741,0.104671429,0.0862,0.089,0.104671429,0.0862
0.305147007,0,0.163706061,3349.323,2018.132,1,98.37214661,1.474516988,0.252412342,0,-3.984363838,0.03,1.707317073,2.06,1.6302,19.71319962,24.10383224,0,1,0,0,1,1,1,0.29433014,0,0.3946,0.187972451,0.206205505,0.2654,0.187972451,0.206205505
0.156596794,0,0.109131699,2406.813,682.524,2,25.96801186,1.573486924,1.01532287,1.46666322,0.559541293,0.06,1.347190146,2.44,2.6458,14.63800049,47.96753311,0,0,0,0,1,0,0,0.14088952,10.0779,5.4471,0.098347059,0.139885714,0.0646,0.098347059,0.139885714
0.039113983,0,-0.155498684,2346.192,709.956,2,39.02819443,9.959043503,1.055600705,1.40634286,0.429477428,0.12,0.677506775,2.99,3.3146,10.53520012,47.83989716,0,0,0,0,1,1,0,0.190826688,0,25.4353,0.113357895,0.16438,0.1997,0.113357895,0.16438
0.134076749,0,-0.185753768,2410.23,727.285,2,90.68961334,7.553014278,0.605493409,0.8075,0.156829405,0.05,0.430842784,2.54,2.56,45.84840012,51.65240479,0,0,0,0,1,1,0,0.157584075,5.9729,11.7846,0.110444444,0.1619125,0.3161,0.110444444,0.1619125
0.562582031,0,0.507604258,1973.523,607.67,1,70.17839813,0.476462007,0.328321512,0,-0.339477803,0.0587,0,1.9,3.0196,-31.08560181,37.17467499,0,1,0,0,0,0,0,0.403241918,8.593,0.668,0.08006118,0.04892236,-0.436754044,0.08006118,0.04892236
0.259685869,0,0.085753855,2056.323,676.957,2,40.11258698,2.524562359,0.778807896,1.20121538,0.532048701,0.11,1.920614597,2.82,2.0477,6.110000134,43.28319931,0,0,0,0,1,1,0,0.275482094,0,3.8859,0.080622964,0.1009,0.0609,0.080622964,0.1009
0.24336621,0,0.160223916,1980.117,606.766,1,27.61967468,2.085855484,0.935867399,0,0.283121666,0.1502,0.368188513,5.36,4.7715,-24.71039963,44.79032135,0,0,0,0,1,1,0,0.219391357,28.4436,7.0932,0.059511712,0.054012163,-0.0278,0.059511712,0.054012163
1.103212354,0,0.882069123,2160.342,649.612,1,17.27771759,0.939685106,1.66867959,1.72715,5.355033526,0.781,1.210653753,12.63,5.0269,12.34999943,38.97024155,0,0,0,0,0,0,0,0.29179768,25,6.0477,0.080792916,0.115731853,0.40469112,0.080792916,0.115731853
0.475877062,0,0.255112482,2162.239,652.101,2,30.94155884,5.68968153,0.881179868,1.04127143,0.981795267,0.6,0,5.86,5.8688,-8.850399971,29.66863823,0,0,0,0,1,1,0,0.331634409,0,17.028,0.085740742,0.124155874,0.1747,0.085740742,0.124155874
0.40752833,0,0.283199208,2283.658,741.18,1,15.64008522,5.70481348,1.501714523,1.48131251,2.085215138,0.53,0.643382353,20.15,8.9617,-5.205200195,25.82872581,0,1,0,0,0,1,0,0.090374137,29.6647,41.6698,0.102533616,0.235066049,0.2238,0.102533616,0.235066049
-0.069807119,1,-0.087669229,2428.487,735.336,1,11.77365208,0.908011079,7.352631757,7.25945,7.916560223,0.559,1.488833747,15.29,10.0527,15.3088007,45.51142883,0,0,0,0,0,0,-1,0.161380565,0,5.7658,-0.008123077,-0.076433333,0.01,-0.008123077,-0.076433333
0.488689614,0,0.289624655,2375.772,750.851,1,34.95608139,1.493498206,2.027750472,0,2.279841237,0,0.327011118,9.8,5.0908,-0.286000013,40.15646362,0,0,0,0,0,1,-1,0.188080255,29.5411,4.3571,0.0021,0.1617,0.2021,0.0021,0.1617
0.189781022,0,0.092321133,2448.884,731.723,1,64.51860809,6.871605873,1.627794738,1.62303333,1.21332356,0.0285,0,1.82,1.3688,8.273200035,40.47231293,0,0,0,0,0,0,-1,0.126631917,0,12.0877,0.110966667,0.123966667,0.1302,0.110966667,0.123966667
-0.007525223,1,-0.115832715,2410.184,779.557,1,29.45968437,2.544066906,9.512110505,8.2692,20.95287663,0.33,0,14.87,8.3173,14.37799931,34.46690369,0,0,0,0,0,1,-1,0.372060144,0,14.2856,0.055045455,0.133257143,0.1162,0.055045455,0.133257143
0.00773316,0,-0.187894313,2373.774,746.441,1,21.2746563,1.673606992,3.536293103,0,1.591627216,0.335,5.594405594,17.8,11.5827,-17.48759842,36.58048248,0,1,0,0,1,0,-1,0.159681441,0,7.8436,0.017272727,0.148233333,0.2316,0.017272727,0.148233333
0.573711181,0,0.326026173,2410.445,750.837,1,39.31575775,6.681746483,2.573618415,3.05761111,1.979566922,0.5885,0.03134624,14.45,10.3795,22.42239952,38.41282272,0,0,0,0,1,0,-1,0.532374267,41.2898,16.1493,-0.011138462,-0.018866667,0.2031,-0.011138462,-0.018866667
-0.054512583,1,-0.048758555,2349.539,737.892,1,32.62797165,3.031843662,2.075793581,2.22758889,-0.779264462,0.6,0.532197978,18.73,9.5354,25.06920052,43.91777802,0,0,0,0,1,1,-1,0.12848444,0,9.3585,0.056190909,0.11905,0.0196,0.056190909,0.11905
-0.150909731,1,-0.168680259,2292.877,748.388,1,7.906648159,0.334666133,21.37286112,19.18419214,4.316484394,0.674,1.498127341,14.85,5.7095,7.290400028,37.652771,0,0,0,0,0,0,-1,0.427033715,38.7959,10.5007,0.103726989,0.100944773,0.110547726,0.103726989,0.100944773
-0.356134781,1,-0.289885535,2300.795,747.492,1,14.69009113,2.992484331,4.758957166,5.00125556,3.330729091,-0.02,0,-0.35,0.0606,6.832800388,53.03765869,0,0,0,0,0,1,-1,0.609947428,0,-7.8583,0.097127778,-0.01832,-0.0173,0.097127778,-0.01832
0.03807972,0,0.039870314,2373.774,746.441,1,15.91206169,0.700322688,45.47694197,37.41707653,-100.0316682,0.33,0.840336134,16.96,7.548,2.605199814,35.12960815,0,0,0,0,0,1,-1,0.173197692,69.3889,5.8768,0.055045455,0.133257143,0.0346,0.055045455,0.133257143
0.415462222,0,0.145646219,2440.08,699.306,1,29.13158798,3.30009532,6.31641432,7.11434545,0.201070241,0.48,0.236486486,10.19,7.784,55.6867981,54.13302231,0,0,0,0,0,1,-1,0.048178903,0,21.6015,0.098347059,0.139885714,0.256,0.098347059,0.139885714
1.404115151,0,1.412131004,2308.55,717.101,2,54.42010498,5.113556385,1.585071779,3.64653077,2.027494263,0.0859,0.232930829,4.14,3.77,0,0,0,0,0,0,1,1,-1,0.230671603,0,10.7653,0.110966667,0.123966667,0.0463,0.110966667,0.123966667
0.044684083,0,-0.295662157,2026.69,691.138,1,24.28919411,1.510988712,7.025767314,9.06563333,29.31367363,0.17,0.487804878,3.84,3.2205,7.014800072,49.55036926,0,0,0,0,0,0,-1,0.243349829,0,6.9226,0.096911409,0.1260375,0.302,0.096911409,0.1260375
0.11550152,0,0.270463644,2142.525,736.347,1,-38.9997139,2.883871555,-2.940437693,0,-5.635100286,-0.315,0,-12.165,-2.8198,-25.25119972,38.89884949,0,0,0,0,0,1,-1,0.259007308,0,-64.1118,0.053686409,0.037746742,-0.1503,0.053686409,0.037746742
-0.038765148,1,-0.229503191,2105.73,689.746,1,18.51896095,0.972833335,3.986557879,1.942,7.307386287,0.187,2.083333333,4.78,4.5566,31.96959877,55.39785385,0,0,0,0,0,0,-1,0.132385394,0,3.3441,0.09327619,0.085945455,0.1606,0.09327619,0.085945455
-0.512754219,1,-0.558206464,2316.052,752.978,2,23.12644386,3.411565065,4.629053865,5.524235,3.589758576,0.61,0.532056398,8.43,7.3439,17.07679939,30.63420486,0,0,0,0,1,1,-1,0.166170601,0,18.4298,0.103858824,-0.018575,0.1955,0.103858824,-0.018575
0.018239019,0,-0.008144054,2136.078,727.637,1,7.913392544,0.727020621,26.88402,21.22357143,60.68331,0.12,2.469135802,3.44,2.2091,3.484000206,37.6693573,0,0,0,0,0,0,-1,0.44744026,0,3.6344,0.091758776,0.092019304,0.0708,0.091758776,0.092019304
0.375469187,0,0.158778468,2037.681,730.616,2,32.18725967,3.850410938,1.644285576,1.56,-0.55617419,0.5,0.186115764,7.28,3.6664,11.1644001,40.62158203,0,0,0,0,0,1,0,0.254352276,0,15.465,0.094596735,0.10336,0.1354,0.094596735,0.10336
1.286182318,0,1.166263605,2059.147,723.871,1,36.91195679,0.789769292,2.80397339,3.09934816,5.82428454,0,1.632208923,3.9,1.7585,1.643199921,31.10508919,0,0,0,0,0,1,-1,0.144680745,0,1.5576,0.094709921,0.102333333,0.0972,0.094709921,0.102333333
-0.357381663,1,-0.384179555,2184.841,709.166,1,13.17518616,0.480807096,11.50719771,16.61741176,33.00001821,0.312,0.871459695,9.22,3.8053,0.244399995,41.28139877,0,0,0,0,0,1,-1,0.097107343,26.8934,3.4418,0.092597127,0.093345511,0.0995,0.092597127,0.093345511
0.19876359,0,-0.003410664,2092.104,733.309,1,9.977419853,2.04942131,10.4108416,11.34946,9.597647242,1.21,2.608695652,11.65,11.5818,-13.95160007,31.46131706,0,0,0,0,1,1,-1,0.151151426,0,20.0209,0.084060372,0.09535,0.1953,0.084060372,0.09535
0.37570987,0,0.130293941,2055.708,722.574,1,-83.38609314,11.62304878,-1.166585095,1.91344325,-23.83391764,0.19,0,3.9,0,-6.349200249,37.36288834,0,0,0,0,0,0,-1,0.379195248,39.45,20.2472,0.084060372,0.09535,0.2304,0.084060372,0.09535
0.059421162,0,-0.01365414,2061.476,632.181,1,14.33198929,0.713057458,12.80733792,6.42403,19.43329066,0.67,0.585365854,11.28,12.2498,1.185600042,41.30952072,0,0,0,0,0,1,-1,0.17773528,14.8903,31.1277,0.054064093,0.004249422,0.021,0.054064093,0.004249422
0.650792815,0,0.615449089,2079.274,676.597,3,43.17934418,10.08150387,2.201051022,2.15770672,2.176282242,0.78,0.31835206,16.83,15.8568,38.40200043,39.21325302,0,1,0,0,1,0,-1,0.017734884,0,25.2049,0.085389474,0.067666667,-0.006,0.085389474,0.067666667
-0.332447849,1,-0.220769187,2269.128,713.863,1,22.26105881,0.727395356,3.049169825,3.34029714,4.628086002,0.6888,1.124859393,12.5,5.6936,2.594799995,42.39335251,0,0,0,0,0,0,-1,0.188073946,40.785,3.5094,0.095469616,0.176899445,-0.0778,0.095469616,0.176899445
0.378594795,0,0.050937567,2153.31,668.089,1,60.29564285,10.695858,2.277722193,3.02571429,0.079809437,0.231,0.729394602,6.94,0,0.312000006,41.42417908,0,0,0,0,1,0,-1,0.208717732,0,20.3328,0.107001616,0.174677161,0.3161,0.107001616,0.174677161
0.685360119,0,0.705963028,2418.53,805.586,1,35.85341263,1.171895862,0.564935207,0.511,0.205012191,0.1578,0,4.82,2.9095,-11.06040001,31.64447975,0,0,0,0,0,1,1,0.099434842,0,3.7157,0.131289183,0.143933333,0.0966,0.131289183,0.143933333
0.223881747,0,0.337331064,2194.846,846.054,1,14.48693562,0.819035292,1.5065513,1.31,3.329269888,0.24,1.933404941,5.09,2.3527,-12.62039948,24.48962593,0,0,0,0,0,1,1,0.282392108,0,8.01,0.100620211,0.033337431,-0.0089,0.100620211,0.033337431
0.526984488,0,0.505514985,3075.907,1730.966,1,38.70783234,2.26837945,1.048248259,0.72,1.950844028,0.18,0,2.47,4.1566,7.69080019,38.46762466,0,1,0,0,1,1,1,0.389218644,7.3443,3.5032,0.170820368,0.193728981,0.1972,0.170820368,0.193728981
0.190059498,0,0.216303106,2244.643,892.21,1,22.50398636,3.395797729,1.091762144,1.01552013,0.283239383,0.083,1.225490196,1.93,1.5741,-17.44599915,36.04541779,0,0,0,0,0,1,1,0.30820294,30.1345,12.4543,0.097169831,0.020335442,0.0907,0.097169831,0.020335442
1.692618043,0,1.104545839,2486.791,1504.833,1,105.0496063,1.754570127,0.386065147,0,2.247572537,0.14,0.419577469,4.53,4.1731,35.01160049,39.58534622,0,0,0,1,1,1,1,0.048329725,0,2.6019,0.139738445,0.148921875,0.1252,0.139738445,0.148921875
0.640684411,0,0.279881292,2029.418,1188.851,1,56.82535934,6.417620182,3.64431246,1.86443929,0.236350625,0.011,0,0.46,0.4793,15.33479977,56.01584625,0,1,1,0,0,0,-1,0.037575624,0,3.8312,0.111959034,0.120080157,0.3195,0.111959034,0.120080157
0.687821612,0,0.617574434,2326.715,881.756,1,-30.06471825,3.754397631,-0.545209981,0,-0.957014906,-0.24,0,-6.06,-5.1377,-16.42679977,45.14294434,0,0,0,0,0,0,0,0.79556126,30.2694,-9.5832,0.177149161,0.189193333,0.2611,0.177149161,0.189193333
0.400700935,0,-0.201584272,2306.862,1495.513,1,-16.12298775,3.418920517,-1.808792981,0.615,-0.668767209,-0.033,0,-4.31,1.1747,0.431600004,33.51720428,0,1,0,0,1,1,1,0.278087301,24.9977,-2.3507,0.187854729,0.178352632,0.2037,0.187854729,0.178352632
0.72723903,0,0.663657111,2029.418,1188.851,2,22.73843765,0.98193109,0.595748959,0.8268,0.669200228,0.2,2.421307506,3.27,2.9263,-34.88159943,36.80979156,0,0,0,0,0,0,1,0.406987906,0,4.1495,0.104366822,0.164775,0.013,0.104366822,0.164775
-0.014566181,1,0.13034965,2273.404,863.5,2,482.7029419,1.220765591,0.069749076,0.06,2.333827493,0.03,0,1.58,3.6224,-17.38879967,45.12636185,0,0,0,0,1,0,1,0.052349152,50.0492,0.3298,0.17341674,0.116771116,0.043,0.17341674,0.116771116
0.449214157,0,0.539359977,2139.607,1241.789,1,25.30173302,4.722705364,1.549542283,1.53,-2.707837994,0.351,0.495458299,22.75,20.0378,0.462799996,36.93238449,0,0,1,0,1,0,0,0.38030589,0,23.8852,0.12095883,0.02065,-0.1311,0.12095883,0.02065
0.061561562,0,-0.015125314,2244.643,892.21,2,28.13157845,2.005618095,0.763391909,1.10075333,0.951732482,0.0609,1.583434836,2.09,1.7786,-27.34679985,37.83809662,0,0,0,0,0,1,1,0.344438519,51.497,6.138,0.097169831,0.020335442,0.209,0.097169831,0.020335442
0.402105203,0,0.264555506,2004.762,1153.772,1,105.991684,1.998119593,0.34653782,0,0.745990833,0.0337,0,2.2,3.0609,-4.903600216,28.45645142,0,0,0,0,0,1,1,0.204197032,0,3.4214,0.108465789,0.114466189,0.1426,0.108465789,0.114466189
-0.125534255,1,-0.364860325,3578.964,2830.259,2,99.08866882,15.8458643,1.150876943,1.46184,1.484132426,0.12,0.761170158,5.58,5.3701,64.58399963,65.3585434,0,1,0,0,1,1,0,0.074577902,0,16.8698,0.319517925,0.312842857,0.3323,0.319517925,0.312842857
0.625,0,-0.042770417,2204.166,1244.505,1,28.48587418,4.656700611,2.500473397,3.84384487,-0.78328326,0.416,0,12.12,17.8255,20.0564003,50.93922806,0,0,1,0,0,0,-1,0.624281384,0,17.2102,0.134497727,0.107513333,0.2722,0.134497727,0.107513333
0.736587487,0,0.300432482,3650.2494,2804.677,3,192.3166046,11.36320686,0.198999766,0.41404624,0.096066373,0.0413,0.135317997,1.07,1.4967,81.53079987,82.51881409,0,0,0,1,1,0,1,0.033067297,0,5.0016,0.285238547,0.361833333,0.4482,0.285238547,0.361833333
0.914790301,0,0.387203616,2160.861,1279.958,1,60.04576111,0.614356756,0.192713816,0,1.002370586,0.0895,0.710227273,1.7,1.8677,-7.399599552,24.6367321,0,0,0,0,0,1,1,0.606362317,0,1.0399,0.142976675,0.168055556,0.1892,0.142976675,0.168055556
0.911448944,0,0.277756432,2222.67,1255.329,1,45.3531189,0.403970569,1.117697731,1.01,2.472325618,0.1355,0.705467372,4.14,2.7052,20.06159973,41.48114395,0,0,0,-1,0,1,0,0.301364708,15,1.0108,0.133854423,0.120828571,0.3713,0.133854423,0.120828571
-0.005960539,1,-0.157175912,3650.2494,2804.677,3,77.0174408,9.492959976,1.372017869,1.672975,3.492635734,0.2022,0.115317985,9.55,5.5232,0,0,0,0,0,1,1,1,0,0.003807376,0,10.793,0.298769796,0.349,0.1841,0.298769796,0.349
0.508143032,0,0.293357888,3632.9016,2783.298,3,589.34552,9.681559563,0.045184821,0,0.182475308,0.0264,0.148367953,1.53,2.4767,32.3024025,59.16709518,0,0,0,0,1,1,1,0.147271466,0,2.6059,0.295042305,0.363627778,0.256,0.295042305,0.363627778
1.066101823,0,0.772072229,3617.062,2770.752,2,67.73444366,4.885150909,0.700158885,0.85878333,1.164984728,0.22,0.515995872,5.71,5.289,59.35800171,62.97672272,0,0,0,0,1,1,1,0.283358163,0,8.7669,0.29774829,0.336121429,0.2929,0.29774829,0.336121429
-0.186005079,1,-0.333040402,3516.1867,2763.114,2,85.12402344,17.23014641,3.277406076,3.26616597,0.808761021,0.43,0.191864927,19.8,10.3986,106.6520081,82.07532501,0,1,0,1,1,1,-1,0.092009728,5.5556,20.3604,0.318726368,0.319760784,0.2263,0.318726368,0.319760784
0.014010244,0,0.060285558,2211.592,853.484,1,59.122715,3.084263086,0.485553112,0.445,2.873198816,0.02,1.046025105,0.73,0.7736,-18.51720047,34.73371887,0,0,0,0,1,0,0,0.2118105,0,4.6293,0.101375671,0.043416085,0.0539,0.101375671,0.043416085
0.347895155,0,0.492008835,2297.669,876.361,1,57.79273987,2.576016426,0.684520496,0.6,-0.025705878,0.237,0,5.14,3.4077,-27.9864006,41.6758461,0,0,0,0,0,1,0,0.335923864,39.5618,5.5895,0.129627138,0.11167023,0.03,0.129627138,0.11167023
0.002797203,0,0.055761437,2240.016,852.117,1,40.16575241,2.363039494,1.035492634,1.24,-0.251545106,0.02,0,0.74,0.8012,-5.407999992,36.63023758,0,0,0,0,0,1,0,0.233409457,49.3392,0.2126,0.175783412,0.112711319,0.128,0.175783412,0.112711319
0.231882926,0,0.450438705,2236.302,867.511,1,-33.20962906,0.346200824,-0.781194756,0.765,10.41154915,0.16,0,11.19,1.5708,-38.11599731,36.43481445,0,0,0,0,1,1,1,0.203958939,0,0.47,0.127729519,0.110457871,-0.0636,0.127729519,0.110457871
0.010928962,0,0.244418433,2251.806,1009.526,1,492.9662781,0.745884836,0.051139237,0,-3.179348978,0.0056,0,0.2463,0.6341,-20.94560051,32.69081116,0,0,0,0,0,0,0,0.085837384,0,0.4223,0.08954126,0.085161281,-0.2323,0.08954126,0.085161281
0.166875186,0,0.125279586,2300.595,1073.023,1,25.25060844,0.368617117,1.686289205,0,1.52719397,0.1048,0,2.77,1.164,0,0,0,1,0,0,1,0,0,0.062084872,0,1.6883,0.090523128,0.017867682,0.2204,0.090523128,0.017867682
1.647127784,0,1.660915778,2206.78,846.612,1,23.51833344,0,2.837564367,2.31448216,3.095472327,0.09,0,3.35,1.878,-0.509599984,36.09156799,0,1,0,0,1,0,-1,0.144133216,0,4.4418,0.101375671,0.043416085,0.0738,0.101375671,0.043416085
0.593851799,0,0.653267859,2240.016,852.117,2,40.50091553,12.4389677,0.634845229,0.731375,0.730943753,0.27,1.321585903,7.85,6.6315,-14.06599998,37.35423279,0,1,0,0,1,0,0,0.162680258,0,25.6456,0.170995382,0.19604375,0.1018,0.170995382,0.19604375
0.098566308,0,0.169141773,2241.92,995.109,1,136.7535095,0.40909189,0.338385405,1.087,-12.75056403,0.02,1.02739726,0.83,0.9614,-28.89640045,40.47087097,0,1,0,0,0,1,0,0.698391779,10,0.8946,0.104436843,0.09460283,0.0462,0.104436843,0.09460283
0.507116116,0,0.431192574,2255.605,1220.633,2,27.63689041,2.069451332,2.030756712,1.93062344,0.909976565,0.5,0.81672656,6.08,3.9696,-2.943200111,36.57543564,0,0,1,0,0,0,0,0.028272014,0,8.6929,0.136712878,0.112347692,0.0409,0.136712878,0.112347692
0.418593364,0,0.369664592,2434.477,791.263,1,23.81841087,4.861235142,2.710103689,3.71858133,0.832797945,0.4608,0.912741877,7.33,2.2758,-13.09360027,37.14439011,0,0,0,0,0,1,0,0.519964992,16.4271,9.3432,0.127985497,0.114341634,0.2221,0.127985497,0.114341634
0.298270893,0,0.092132656,3580.8388,2710.161,3,154.2074127,11.38668442,0.33133297,0,0.585677361,0.05,0.230946882,1.5,1.5086,52.7644043,57.0902977,0,0,0,0,1,1,1,0.155496812,10.0629,6.5278,0.295888699,0.401747059,0.2357,0.295888699,0.401747059
0.780487805,0,0.297692026,2097.529,1307.988,1,-28.0921402,0.548598826,-0.956551437,0,18.04126054,0.0413,0,1.74,3.3783,-1.144000053,24.96339607,0,0,0,0,0,0,1,0.790251903,0,1.1343,0.147378464,0.174647036,-0.063,0.147378464,0.174647036
0.733023925,0,0.611649763,2244.643,892.21,2,31.05857658,0.596308053,1.47961824,1.46594,2.03249729,0.06,1.56555773,3.37,0.7341,-15.10079956,37.66431046,0,0,0,0,1,1,0,0.140059441,0,2.7211,0.103956111,0.040684669,0.2409,0.103956111,0.040684669
0.354938272,0,0.138751095,2073.095,1025.497,1,68.97823334,14.22896481,0.798668336,1.325,1.290782898,0.034,0,1.25,1.2574,5.641999722,44.83214569,0,0,0,0,1,0,0,0.260781098,0,19.6134,0.067784678,0.173588889,0.3571,0.067784678,0.173588889
0.659258812,0,0.381821548,2123.112,1234.587,1,125.851387,3.858532906,0.479155076,1.02346667,1.734587944,0.04,0,2.15,1.8859,6.276400089,54.29310989,0,0,0,1,1,0,-1,0.222276414,0,5.1474,0.154893517,0.163906307,0.232,0.154893517,0.163906307
0.599213939,0,0.386724792,2141.614,1235.555,2,33.47713089,0.78473866,1.250120908,1.49313333,-3.545883902,1.062,0.269662921,10.37,5.1839,36.35839844,37.57200623,0,0,0,0,1,1,0,0.167801377,0,2.2746,0.148487173,0.144401948,0.1748,0.148487173,0.144401948
0.687529325,0,0.465182888,2101.283,1161.872,1,33.12852859,1.624625802,1.34490114,1.61095,2.415402914,0.16,0.583090379,2.96,2.1807,11.99119949,46.43517303,0,0,0,0,0,0,0,0.342548919,31.05,4.5948,0.135167591,0.144407008,-0.274836929,0.135167591,0.144407008
0.581209444,0,0.223067014,2201.07,1329.477,1,51.75462341,1.300852537,1.34316787,0,-5.839101558,0.09,0,7,3.5257,17.92959976,49.99024963,0,0,0,0,1,0,-1,0.256221433,0,4.0469,0.123959324,0.113373333,0.2222,0.123959324,0.113373333
0.242307692,0,-0.151683332,2106.156,1172.329,2,49.10126114,7.10559845,1.103930918,1.6463,-0.126240503,0.1962,0.376647834,7.06,5.852,56.59159851,39.6754837,0,0,0,0,1,1,0,0.119518607,0,15.5353,0.126210841,0.2182125,0.3455,0.126210841,0.2182125
0.810872516,0,0.445308853,2206.613,1299.264,2,109.9557953,10.74831963,0.419104559,1.1304,0.334281275,0.0802,0,2.08,2.4994,8.595600128,47.73822021,0,0,1,-1,1,1,0,0.230719633,0,10.7736,0.137440909,0.093658333,0.1608,0.137440909,0.093658333
0.228321422,0,0.183762763,2126.772,1228.346,3,74.92443848,13.35411549,0.844677621,1.13981818,0.652029492,0.17,0.713055096,7.19,6.6787,42.49959946,36.77878571,0,0,0,1,1,0,0,0.017447027,0,17.9241,0.145275785,0.076244805,-0.0244,0.145275785,0.076244805
-0.036524373,1,-0.040123623,3434.5813,2671.292,3,46.27479172,7.123031616,1.384848423,1.57,1.398191741,0.15,0.649969668,8.69,6.8773,33.61800003,59.23055649,0,0,0,0,1,1,1,0.07205601,0,13.3633,0.317730881,0.324091667,0.0942,0.317730881,0.324091667
0.32155477,0,0.073059538,2084.794,1253.714,1,-22.53165054,0.532666683,-4.30316,-15.7,50.04721,-0.98,0,-51.1,-3.399,3.972799778,54.72793961,0,0,0,0,0,0,-1,0.513267937,0,-12.1255,0.137711818,0.173273333,-0.1411,0.137711818,0.173273333
0.150074268,0,-0.327889505,2148.285,1256,1,25.66539001,5.308011532,1.713002024,1.6296351,1.877129049,0.4706,0.959488273,10.18,10.0881,9.93200016,32.83935928,0,0,0,-1,0,1,0,0.123393014,0,17.4886,0.141659225,0.172333333,0.1147,0.141659225,0.172333333
-0.053854999,1,-0.174657736,3456.3085,2655.345,2,590.8087158,29.57804298,0.151499371,0.51790635,0.632695488,0.1401,0,2.39,2.2386,58.25040054,76.77516937,0,1,0,0,1,1,0,0.125114207,0,16.5681,0.307177704,0.328692857,0.2151,0.307177704,0.328692857
0.550828568,0,0.576427422,2320.911,778.478,1,76.30455017,4.929278851,1.902210527,2.8688264,1.032068283,0.0346,0.907770516,1.5,3.1059,-16.15640068,34.37604523,0,0,0,0,0,0,-1,0.258918912,26.74,6.2411,0.137464459,0.209071429,0.1093,0.137464459,0.209071429
0.502703108,0,0.661580748,2240.016,852.117,1,18.42375183,0.786373258,4.85154715,5.4136875,8.882580289,0.8931,4.990642545,13.13,6.7728,9.963199615,48.28482056,0,0,0,0,0,0,-1,0.136127364,0,5.1903,0.153903965,0.118639031,0.0664,0.153903965,0.118639031
0.048923356,0,0.101330671,2257.434,842.685,1,14.91434574,2.119699955,3.76332032,2.71979702,-4.423678235,0.39,2.619589977,11.35,5.8132,-14.65879917,32.73047256,0,0,0,0,0,1,-1,0.423637676,10.6,8.8806,0.173397684,0.111614967,0.1302,0.173397684,0.111614967
0.083445491,0,0.226425107,2236.302,867.511,1,83.72332001,0.849920392,0.83170326,0,0.560021853,0.0217,0,1.83,2.0193,-14.90840054,36.47592163,0,0,0,0,1,1,0,0.218031689,0,0.0226,0.172891483,0.100824962,0.0211,0.172891483,0.100824962
0.427122214,0,0.36152591,2275.667,1042.897,1,32.99961853,3.529124975,2.91586945,4.0123,0.91175826,0.131,0.872405576,3.49,1.9255,1.669199944,45.31961441,0,1,1,0,1,0,-1,0.01046624,0,12.9262,0.08786972,0.081967276,-0.490890865,0.08786972,0.081967276
0.148598854,0,0.231615666,2328.278,882.001,2,17.50382423,0.629569769,3.217359956,3.41218596,6.52120592,1.2683,2.252252252,18.66,8.2184,-0.332800001,25.19631386,0,0,0,0,1,1,-1,0.197557547,0,3.427,0.162533962,0.182988889,0.021,0.162533962,0.182988889
0.052784556,0,0.302697681,2174.123,913.651,1,-326.7131348,0.819399357,-0.153585504,2.38724392,3.251655678,0.148,0,2.86,1.6453,-35.15200043,36.08868408,0,0,0,0,0,1,0,0.576356835,0,5.3883,0.097169831,0.020335442,-0.1176,0.097169831,0.020335442
0.134664786,0,0.142249801,2328.278,882.001,1,29.26270485,0.802476525,2.589645202,3.45785,15.65422308,0.367,0.136425648,7.42,5.772,6.406399727,42.47555542,0,0,0,0,0,1,0,0.362434792,10,4.9213,0.172865527,0.19383125,0.1655,0.172865527,0.19383125
-0.347174164,1,-0.074655167,2220.504,1366.834,1,13.23886108,0.251413375,7.210446595,0,0.832643389,0.0491,2.226027397,1.46,5.0504,-25.68280029,32.2869873,0,0,0,0,0,0,0,0.217665088,0,1.2449,0.123959324,0.113373333,-0.4354,0.123959324,0.113373333
-0.102910192,1,0.169753711,1963.235,971.454,1,27.34527969,3.409334898,5.123794867,6.64025,5.589069148,0.0705,2.774694783,2.59,2.1161,4.430399895,43.22190857,0,0,0,0,1,0,-1,0.262094661,0,11.6293,0.080732726,0.116523127,-0.523338112,0.080732726,0.116523127
-0.303145569,1,-0.394659796,2310.593,869.15,2,59.81844711,11.01232052,2.175276604,1.86875,2.446536842,0.54,0.689655172,10.98,11.2776,-17.42000008,54.4459877,0,1,0,0,0,1,-1,0.187805552,11.5728,28.3579,0.172891483,0.100824962,0.2655,0.172891483,0.100824962
1.327884605,0,1.262176213,2320.911,778.478,2,38.09043884,2.98883152,2.404886892,2.97990952,1.46600755,1.67,0,28.33,13.8688,41.65200043,48.59634018,0,1,0,0,1,1,-1,0.195166125,0,8.1661,0.138547708,0.2257,0.2074,0.138547708,0.2257
0.176875725,0,0.184141108,2419.02,782.363,2,15.88433838,2.824945927,5.442205405,3.75428561,3.066892737,0.66,1.032631144,13.24,10.3632,17.69040108,34.75895691,0,0,1,0,1,0,-1,0.130137574,0,9.5633,0.149569616,0.198908333,0.1231,0.149569616,0.198908333
-0.251982122,1,-0.08863384,2251.806,1009.526,1,382.5924072,1.230180383,2.515879725,1.22135556,1.049124221,-0.2175,0.749279539,-3.84,-0.2513,-22.50040054,38.67891312,0,0,0,0,0,1,-1,0.230569986,0,-4.0726,0.103808803,0.091676989,0.0006,0.103808803,0.091676989
-0.209570309,1,-0.267581862,2275.667,1042.897,2,54.95912933,11.1576395,7.726518867,10.5371,4.966453936,0.13,0.373047648,6.45,4.8359,76.64279938,37.75516891,0,0,0,0,1,1,-1,0.039201476,0,18.0157,0.093818429,0.100294655,0.2075,0.093818429,0.100294655
-0.062753036,1,-0.097733007,2246.3,980.083,1,56.34509277,10.56923771,5.738892081,6.77173636,-4.374206129,0.1,1.803278689,2.5,0,-10.22840023,46.82601547,0,0,1,0,0,1,-1,0.182989313,10,29.7453,0.112088314,0.103365583,0.1746,0.112088314,0.103365583
-0.002192982,1,-0.069668462,2232.971,992.161,1,-9.326986313,1.359017253,-6.348163374,2.83391182,2.631901645,0.02,0.522648084,1.01,0.7639,-26.12999916,39.08994675,0,0,0,0,0,0,-1,0.709167658,50.5808,1.6556,0.099557331,0.098963946,0.2028,0.099557331,0.098963946
0.478345501,0,0.289271695,2067.124,1197.134,1,51.24521255,1.07777679,2.543094345,0,1.415182379,0.0753,0.691562932,2.0206,2.0522,9.411999702,56.3396225,0,0,0,0,1,0,-1,0.325012902,0,1.8267,0.145204998,0.121451867,0.2039,0.145204998,0.121451867
0.168902053,0,0.304123574,2237.984,1263.589,2,30.02762222,0.689188302,2.17561639,5.656266,11.84557514,0.026,3.577817531,0.43,1.5997,-26.60839844,36.03171539,0,0,0,0,0,0,-1,0.548983455,62.5233,0.5478,0.13970703,0.139715475,-0.173,0.13970703,0.139715475
0.875030069,0,0.392615738,2123.112,1234.587,1,27.30501747,0.691026092,6.608481171,7.12705269,20.86993762,0.253,1.278772379,8.44,4.9245,-8.501999855,32.37424469,0,0,1,0,1,1,-1,0.045861157,77.8271,2.7034,0.152214654,0.165625934,0.0496,0.152214654,0.165625934
0.315007429,0,0.071063696,2212.516,1275.912,1,24.89681053,2.34339571,3.444551827,3.9886,3.524413472,0.2,0,6.74,4.2345,4.940000057,38.83611298,0,1,0,0,0,0,-1,0.165847024,0,11.6266,0.153447499,0.167197538,0.1892,0.153447499,0.167197538
0.329959799,0,-0.255597027,2106.354,1288.341,1,29.45220184,3.450866461,6.897437893,6.71183711,6.421816221,0.4,0,9.58,5.9734,30.21199799,41.61455154,0,0,0,0,0,0,-1,0.507964244,10.0053,13.0205,0.144874134,0.163213636,0.1534,0.144874134,0.163213636
0.183228121,0,0.063299868,2059.39,1139.567,1,23.36104202,1.627091527,13.61447339,13.159974,16.21158237,0.914,1.130125928,13.52,11.955,16.05760002,29.1350174,0,0,0,0,0,1,-1,0.092006222,0,11.4858,0.114170033,0.092956189,0.142,0.114170033,0.092956189
-0.123191512,1,-0.190981953,2067.124,1197.134,3,107.1671524,10.16694736,0.912757788,2.28566364,-0.809364187,0.2137,0,4.76,3.3881,70.99560547,46.80509949,0,0,0,0,1,1,-1,0.026527903,0,13.3508,0.135167591,0.144407008,0.0052,0.135167591,0.144407008
1.02105094,0,0.296373447,2021.174,1150.387,3,152.5144653,56.36899567,0.883401212,1.63380942,0.603627925,0.13,0.30367815,4.99,4.5018,0,0,0,0,0,1,1,1,-1,0.021427857,0,35.0523,0.114192614,0.101951081,0.1919,0.114192614,0.101951081
0.043068576,0,-0.446224217,2186.115,1293.795,2,29.78822327,0.674247682,3.83881428,4.44133333,2.695474478,0.35,0.981161695,11.51,8.117,6.697600365,26.49142838,0,1,0,0,1,1,-1,0.092067283,0,2.6136,0.13605299,0.092969231,0.0847,0.13605299,0.092969231
0.544993468,0,0.285095514,2127.618,1236.35,1,22.60336876,0.902405977,11.59156999,9.29,7.662211721,0.2151,1.000521986,4.57,2.8447,4.591599941,35.49376678,0,0,0,0,0,0,-1,0.024349737,0,5.8201,0.155879463,0.174551005,0.2136,0.155879463,0.174551005
1.054808193,0,0.703947822,2139.993,1282.746,1,50.53267288,4.361433983,2.036721269,2.4351,2.277854828,0.0946,0.581068416,3.31,2.658,2.496000051,45.6592598,0,1,0,0,0,0,-1,0.152417546,0,7.8297,0.151927883,0.156340341,0.2976,0.151927883,0.156340341
0.08555195,0,-0.586832751,2204.166,1244.505,2,26.40206337,4.408502102,7.83402672,9.62598274,-2.991064773,0.83,0.338166929,17.36,8.7757,29.63479805,42.87433243,0,0,0,0,1,1,-1,0.071366309,0,15.9376,0.129938206,0.12326875,0.2709,0.129938206,0.12326875
0.122561797,0,-0.162103026,2185.56,1269.36,3,75.63371277,8.173462868,2.695294264,4.20526577,2.454799981,0.34,0.20835095,9.56,7.2892,77.42279816,43.74254608,0,0,0,1,1,0,-1,0.029965007,0,11.9964,0.146100998,0.138682884,0.2593,0.146100998,0.138682884
1.31614926,0,0.754924677,2151.079,1267.673,1,10.32228756,0.311156243,7.173768164,0,3.315958421,0.422,2.232142857,11.16,3.4702,37.46080017,43.50530243,0,0,0,0,0,0,-1,0.395057393,0,2.9315,0.137711818,0.173273333,0.1855,0.137711818,0.173273333
0.782282964,0,0.539208638,2126.772,1228.346,1,56.30344391,2.363253832,1.437394536,1.65267143,0.2593542,0.302,0.66694456,6.2407,2.0922,13.29640007,35.65385437,0,0,1,0,0,0,-1,0.136263265,0,5.1879,0.111621575,0.036288889,0.1614,0.111621575,0.036288889
1.009563073,0,0.581959521,2127.792,1256.084,1,132.5302124,2.808553219,1.022303107,0,-3.516069012,0.025,0.196133371,0.45,1.1957,58.11519623,52.14492416,0,1,0,0,0,0,-1,0.071946221,22.8154,0.9758,0.142976675,0.168055556,0.1188,0.142976675,0.168055556
0.233111323,0,-0.450760031,2092.905,1258.823,1,-864.9151611,10.11865139,-0.078172345,1.42511519,-1.123721372,-0.0768,0,-3.83,-2.8954,44.54840088,48.67133331,0,0,0,0,1,0,-1,0.062910401,0,-7.8857,0.144874134,0.163213636,0.2557,0.144874134,0.163213636
0.429789958,0,-0.225692714,2106.354,1288.341,1,51.8438797,2.901072025,2.485292419,2.36633333,0.117173304,0.94,0.155584957,10.4,6.8571,44.1167984,34.39263153,0,1,0,0,0,0,-1,0.009640412,0,6.622,0.158409646,0.192844629,0.736581835,0.158409646,0.192844629
0.444078947,0,-0.277518119,2109.955,1539.966,1,37.07683563,1.298276186,0.381754784,0,0.945810678,0.05,0,1.94,2.8472,-2.402400017,30.43157387,0,0,0,0,0,0,1,0.204739026,0,1.1083,0.131790579,0.08048,0.1872,0.131790579,0.08048
0.992307692,0,0.027269313,2047.619,1419.84,1,142.9951019,0.688197613,0.100888509,0.16,0.195021172,0.05,0,4.12,3.1067,12.6984005,31.02360344,0,0,0,0,0,1,1,0.258152785,22.3962,0.7044,0.130875581,0.11278602,0.1295,0.130875581,0.11278602
-0.001492537,1,-0.740042551,2103.671,1527.151,1,-447.5545349,144.0879059,-0.387907751,3.755305,0.574102811,0.66,0,42.35,31.7565,75.25439453,58.52603149,0,0,1,1,1,0,-1,0.307548021,0,16.454,0.130764478,0.074863158,0.1646,0.130764478,0.074863158
1.071184847,0,-0.178341579,2057.033,1319.505,1,41.17524338,1.724015951,0.503704276,0.57,0.976843902,0.09,0.206825233,1.84,1.6422,20.44120026,37.00954056,0,0,0,-1,0,1,1,0.583249725,0,5.908,0.167475253,0.121888889,0.0995,0.167475253,0.121888889
0.454008194,0,-0.205328498,2071.473,1460.452,2,26.61924934,3.662133932,0.74157747,0.9088,1.222317453,0.74,1.114206128,8.48,7.685,15.2567997,34.75534821,0,0,0,-1,1,1,1,0.148363114,0,12.6995,0.150215175,0.247988565,0.1346,0.150215175,0.247988565
0.887726486,0,0.099621328,2019.111,1436.856,1,57.98203659,3.175877094,0.666160467,0.76864,1.364349402,0.36,0.672323816,10.48,8.4423,29.54119873,41.51720047,0,0,0,0,0,1,1,0.196348892,0,7.1244,0.120974086,0.065154836,0.1159,0.120974086,0.065154836
0.539812646,0,0.24006002,3325.0846,2432.038,2,193.9447784,19.2652874,0.475146477,1.37866667,0.601973402,0.14,0.156862745,3.02,2.7515,97.18280029,82.37314606,0,1,0,1,1,0,0,0.049947897,0,14.1188,0.295038527,0.348708696,0.3302,0.295038527,0.348708696
0.113043478,0,-0.302593359,2343.575,1517.421,1,5.282350063,36.376297,11.85237376,3.01677509,0.649028272,0.15,0,6.57,7.9748,-1.970800042,19.24643135,0,0,0,0,1,0,0,0.262645239,0,35.1057,0.185154308,0.170518182,0.0271,0.185154308,0.170518182
0.52123902,0,-0.028175553,2337.871,1522.052,1,21.27913666,0.711275041,2.48890042,2.98583468,1.528824268,0.36,0.555555556,8.92,4.4393,21.73080063,32.81628418,0,0,0,0,1,0,0,0.266797807,0,4.5093,0.149554499,0.071637505,0.1058,0.149554499,0.071637505
1.006659267,0,0.146108943,2425.864,1532.52,1,-12.87155819,4.195746899,-4.579746378,0,0.207990479,0.1407,0,3.74,5.4674,20.11880112,33.30591965,0,0,1,0,0,0,0,0.50356283,0,0.9111,0.151111974,0.12739,0.2988,0.151111974,0.12739
0.972718126,0,0.455828428,2217.2,1424.469,1,42.52352905,0.97234869,0.709792563,1.5671,1.202183496,0.0509,0,2.41,2.5019,18.14800072,31.10004234,0,1,0,0,0,0,1,0.239592794,0,2.8927,0.196640108,0.202907143,0.0955,0.196640108,0.202907143
0.569892473,0,-0.049696494,2763.545,1565.417,1,435.6349182,12.23043633,0.235785852,0.6698,0.439393035,0.173,0,8.5,5.7139,106.142395,76.75569916,0,0,0,0,0,0,0,0.051385833,0,3.9337,0.151111974,0.12739,0.0922,0.151111974,0.12739
0.288800388,0,0.024923252,3021.518,1649.582,1,28.52987289,4.005989552,3.973119686,0,2.39976516,0.45,0,19.95,19.0023,34.48120117,47.32213974,0,1,0,0,1,0,-1,0.175198851,0,17.37,0.140600079,0.159316667,0.1309,0.140600079,0.159316667
0.538614382,0,0.037147014,2357.711,1526.175,2,50.47918701,3.603185892,0.63929088,0.76718333,0.170360767,0.102,0.139470014,2.84,2.2048,37.78319931,37.52729797,0,0,0,0,1,0,1,0.154700491,0,7.2927,0.184362086,0.195723518,0.1879,0.184362086,0.195723518
0.202702703,0,-0.264275147,3168.016,1499.4,1,-20.06093979,1.869472265,-1.177879942,0.03,8.839716524,-0.0413,0,-2.01,4.6531,26.78520012,32.06056213,0,0,1,0,0,0,1,0.233871545,20,-1.4366,0.151323376,0.160010714,0.1294,0.151323376,0.160010714
0.539378711,0,-0.197936388,2430.677,1516.396,2,29.38208961,2.7748034,1.189560992,2.754,-2.074126296,0.08,1.609657948,2.42,1.1118,12.0223999,26.67963791,0,0,0,-1,1,1,1,0.337645745,0,10.584,0.154195188,0.147523077,0.1495,0.154195188,0.147523077
0.769529454,0,0.078931086,2373.03,1530.084,1,51.82390213,5.007791996,0.757430332,0.64835,1.165452774,0.11,0,4.44,3.2673,-16.27079964,42.7156868,0,0,0,0,1,0,0,0.263305039,0,5.9524,0.149554499,0.071637505,0.1689,0.149554499,0.071637505
1.38734496,0,1.239003913,3617.318,2213.766,3,295.286499,5.118824482,0.089070819,0.23525,-0.209645781,0.0468,0,2.5,2.4787,36.16080093,44.49755096,0,0,0,1,1,0,1,0.008597959,0,2.8333,0.180775417,0.182530619,0.201,0.180775417,0.182530619
-0.20493565,1,-0.845402748,2430.032,1529.892,1,68.98022461,2.677616596,0.544554262,0.71676,1.496657657,0.208,0.325309044,5.94,4.6136,33.28520203,37.2806778,0,0,0,0,1,0,1,0.305763153,30,5.4699,0.150474663,0.113529869,0.1289,0.150474663,0.113529869
1.628182858,0,0.951484538,2450.986,1505.552,2,-131.3754578,5.751596451,-0.693365988,6.26,1.717270438,0.02,0,1.19,2.5527,32.69240189,34.32340622,0,0,0,1,1,0,0,0.190157514,0,0.1321,0.146118032,0.146390909,0.1706,0.146118032,0.146390909
0.432432924,0,-0.146556984,2474.009,1471.685,1,79.52352142,0.704592347,0.429527964,1.02576667,7.582452412,0.078,0.153609831,2.6,2.5985,36.41040039,30.04217339,0,1,0,0,0,0,1,0.316392245,31.1111,1.2788,0.151172825,0.167323529,0.0415,0.151172825,0.167323529
0.312820513,0,-0.048661369,3072.536,1529.468,1,-147.187027,5.46064806,-0.575887447,0,2.644347612,-0.11,0,-9,-1.1534,57.32479858,48.12617874,0,1,0,0,0,1,0,0.208390729,0,-14.2333,0.139737055,0.172054839,0.1595,0.139737055,0.172054839
0.221102085,0,-0.428186643,2763.545,1565.417,1,51.78207397,1.171022534,1.009486956,2.15,-0.052040215,0,1.081876396,4.14,2.7652,28.21519852,32.91291428,0,0,0,0,1,0,0,0.166500167,0,2.319,0.14501225,0.145333333,0.2086,0.14501225,0.145333333
0.972190035,0,0.476926582,3127.445,1517.928,2,36.99659348,2.384644747,0.79228914,0.88023333,0.930816907,0.1992,1.091703057,10.01,7.481,55.23959732,47.10147858,0,0,0,0,1,1,1,0.191477273,0,6.6475,0.144526116,0.1547,-0.0286,0.144526116,0.1547
0.365013166,0,0.072822223,3057.521,1634.052,1,-74.61683655,2.017174959,-0.443055186,0,1.049612761,0.0075,0,0.4,1.1123,31.55879974,36.20694351,0,0,0,0,0,1,1,0.21854628,10.0772,0.2664,0.135490875,0.12307,-0.0012,0.135490875,0.12307
0.739130435,0,0.59861913,3243.0889,2071.717,2,-3683.436768,1.841400743,-0.060940069,1.23580974,0.323949806,0.01,0.729927007,0.33,0.9034,38.85960007,53.72848129,0,1,0,0,1,0,1,0.042753167,0,0.2494,0.277554301,0.246250396,0.1443,0.277554301,0.246250396
1.22010582,0,0.833211929,3165.815,1460.108,2,77.48550415,3.875182867,0.324610248,0,-0.8163873,0.0374,0.443655723,1.08,0.2114,21.26280022,27.62933922,0,0,0,1,0,0,1,0.047137963,0,-1.064,0.138389436,0.17598,0.2748,0.138389436,0.17598
0.704375,0,-0.121867572,2042.18,1461.525,1,-571.4002075,0,-0.198452414,3.01,-0.002827436,0.7777,0,27.85,10.8962,39.17160034,35.48655701,0,1,1,1,0,0,-1,0.237170704,0,7.0434,0.131142781,0.133432468,0.2063,0.131142781,0.133432468
0.482943284,0,-0.263583841,2057.908,1460.611,1,31.1817894,3.44571352,1.104564078,1.2175,1.441455838,0.27,1.254705144,9.07,9.4119,-8.351200104,39.24137878,0,0,0,0,0,1,1,0.149318322,35,11.1756,0.124323658,0.091434489,0.1042,0.124323658,0.091434489
0.800346891,0,-0.354256409,2063.67,1417.614,1,40.5906601,1.342108846,1.460456924,0,3.334160793,0.3029,1.118359739,6.9,6.4145,7.872799873,38.28302002,0,1,0,0,0,0,0,0.212279757,0,4.7727,0.13277118,0.12126044,0.2738,0.13277118,0.12126044
0.950043066,0,0.00880417,2033.3,1477.669,1,-97.25157928,14.16665363,-0.687321885,0,-0.331590189,0.01,0,0.19,1.2127,37.3307991,50.28085327,0,1,1,0,0,0,0,0.084310595,0,0.3928,0.133578075,0.084442105,0.3474,0.133578075,0.084442105
0.796059802,0,-0.200422011,2023.673,1477.415,3,40.65129852,3.839054823,1.306035049,1.62829286,-1.161113962,0.6,0.186653203,16.8,6.901,56.33160019,41.13068771,0,0,0,1,1,0,0,0.035789969,0,7.6174,0.1262413,0.103471773,0.1837,0.1262413,0.103471773
0.611541969,0,0.508489741,3286.068,2045.322,2,136.8341522,1.698650122,0.146013772,0.44921618,-0.033698737,0.18,0,2.37,2.939,20.63879967,33.35928345,0,0,0,0,1,1,1,0.116703072,0,1.5564,0.18057943,0.185597512,0.1532,0.18057943,0.185597512
0.092889291,0,-0.145830822,3286.068,2045.322,2,34.77243042,3.330455303,1.661742427,1.78576,0.923890017,0.5,0.831485588,10.35,10.7075,48.20399857,48.69657516,0,0,0,0,1,1,1,0.189134119,0,9.439,0.181831937,0.190397643,0.2925,0.181831937,0.190397643
-0.106605598,1,0.02258341,3197.8932,2039.118,2,215.9082947,14.24089241,0.44876453,2.4965,0.75989541,0.03,0.039814792,2.36,2.5213,132.4284058,85.13932037,0,0,0,1,1,1,0,0.026154304,0,4.3219,0.296097975,0.255805295,0.0279,0.296097975,0.255805295
0.582506154,0,-0.253366267,2004.339,1434.021,2,38.98786163,1.509937882,1.169611191,1.3993375,0.647945965,0.787,0.366166239,7.72,4.1186,33.37879944,44.06344223,0,0,0,0,1,1,0,0.211059662,0,4.1889,0.155251345,0.201930126,0.1961,0.155251345,0.201930126
1.271976925,0,-0.034454819,2033.931,1369.439,1,17.93623543,3.709960699,3.208359603,1.84,1.657479283,0.2816,2.92249047,7.09,4.5542,-5.813600063,37.19991302,0,0,0,0,0,0,0,0.083388029,0,22.7093,0.202945284,0.241078657,1.476543878,0.202945284,0.241078657
0.359773371,0,-0.644370725,2038.612,1384.579,2,293.6815186,3.356600761,0.10540027,0.9,2.299892041,0.0168,0,0.5,1.5372,26.10919952,37.7292099,0,0,0,0,1,1,0,0.272281721,16.592,1.014,0.17397713,0.231329592,0.0795,0.17397713,0.231329592
0.951173967,0,0.235924699,2053.084,1464.578,1,16.34202194,0.528335214,3.130368609,3.01555,3.072861243,1.405,0.521327014,11.22,7.2351,0.889200032,33.7890625,0,0,0,0,1,0,0,0.263441278,29.0888,3.8049,0.129977712,0.053581045,-1.336783029,0.129977712,0.053581045
1.1246588,0,0.121111617,2059.067,1305.922,2,49.59460068,3.324081898,1.601384442,2.9,2.408113282,0.1005,0.550055006,5.59,3.9373,63.53359985,45.353508,0,0,0,0,1,1,0,0.264746303,0,6.3911,0.176601495,0.242174563,0.0794,0.176601495,0.242174563
1.858050198,0,0.764694878,2187.669,1362.028,1,8.365844727,1.009660006,16.46417821,15.89333333,30.83995046,0.671,3.300330033,15.8,8.8198,17.70599937,24.57615852,0,0,1,0,0,0,-1,0.213676575,0,23.9165,0.171035627,0.199927742,0.2202,0.171035627,0.199927742
1.08,0,-0.270921605,2057.033,1319.505,1,13.90861893,1.527121782,3.871384217,4.96574982,14.77555912,0.077,3.608017692,1.69,1.3488,1.913600087,38.96086884,0,0,0,0,1,1,0,0.148877459,0,6.4336,0.165820883,0.220815161,0.2445,0.165820883,0.220815161
1.576721611,0,0.28649248,2010.083,1290.025,3,35.23053741,8.183191299,1.447859329,2.10135288,0.428616479,0.07,1.945129858,0.73,0.6411,28.90679932,41.68377686,0,0,0,0,1,1,0,0.054594977,0,9.9799,0.168315729,0.202458018,0.114,0.168315729,0.202458018
0.255646457,0,-0.18526901,2309.718,1500.99,2,18.62845612,3.132511616,4.070851622,5.15062182,4.43786743,0.29,0.486854917,10.78,8.8773,45.70280075,42.68251801,0,0,0,0,1,1,0,0.141070784,10,17.7399,0.185839634,0.160365,0.0644,0.185839634,0.160365
0.807665505,0,-0.362247098,2010.083,1290.025,1,105.4504471,3.712731123,0.417821742,0.96760385,4.158321471,0.055,0.252774353,2.5,1.623,64.6984024,42.43156815,0,0,0,0,0,1,0,0.154341906,0,4.6304,0.16514782,0.11859,0.0889,0.16514782,0.11859
1.086384632,0,-0.167318543,2011.135,1258.584,1,25.42065239,0.874314487,3.982605915,3.0471255,5.262620125,0.1574,0.764525994,2.2087,1.5269,13.49399948,30.46835136,0,0,0,0,0,0,-1,0.155126134,20.951,3.7049,0.167901641,0.136217495,0.234109943,0.167901641,0.136217495
0.011104371,0,-0.066461131,3302.408,1994.39,3,53.31748199,2.609543562,1.255674174,1.64666667,2.462582818,0.18,0.302657447,5.2,3.5962,22.72400093,49.68593979,0,0,0,1,1,0,1,0.043645807,0,3.0525,0.174498235,0.182732827,0.201,0.174498235,0.182732827
1.585578791,0,0.085269216,2024.951,1257.796,1,27.42609406,5.879899025,1.519673138,0,3.509494144,0.03,0.714285714,0.86,0.5238,11.79360008,33.51504135,0,0,0,0,0,0,0,0.37438019,0,19.9569,0.166826012,0.120000765,0.2064,0.166826012,0.120000765
1.156363636,0,0.678121362,2307.893,1479.118,1,84.96495056,1.946002007,0.826134631,0,-0.67508726,0.06,0,2.32,0.9949,31.13239861,50.68323517,0,0,0,0,1,0,0,0.419524756,0,3.3696,0.191164634,0.189617647,0.1486,0.191164634,0.189617647
0.556968325,0,0.137838604,2309.718,1500.99,2,22.36857224,1.838968039,3.225325499,3.96891579,-1.640165634,0.21,0.489236791,7.74,4.5212,6.151599884,41.87126541,0,0,0,0,1,1,0,0.143548803,0,8.1027,0.179910508,0.190286085,0.0886,0.179910508,0.190286085
1.150239974,0,-0.363302289,2051.713,1363.739,1,23.19076157,0.658787966,2.82342981,5.31985,5.171288637,0.4123,0.859697387,5.74,1.9811,3.151200056,38.59237671,0,0,0,0,0,0,0,0.277950246,5.737,5.7283,0.182975505,0.146382722,0.0833,0.182975505,0.146382722
0.801986755,0,-0.345002528,2066.698,1377.431,2,56.53282928,4.123949528,0.751738257,1.07592304,1.752064627,0.0977,0.594530321,2.97,2.1695,60.64760208,46.59165573,0,0,0,1,1,0,0,0.109744119,0,9.0453,0.191021637,0.156355556,0.1362,0.191021637,0.156355556
0.798457293,0,-0.31398813,2038.612,1384.579,2,92.00958252,5.960096836,0.653514655,1.127,0.123063751,0.07,0.222700167,3.44,3.1242,8.080800056,36.05767441,0,1,0,0,1,0,0,0.218832265,0,7.943,0.176601495,0.242174563,0.195,0.176601495,0.242174563
1.301747609,0,0.610273728,2937.647,1581.907,1,29.15123749,3.526510715,2.933384163,0,-51.81271676,0.19,0,14.2,4.3039,26.8891983,48.92949295,0,0,0,-1,1,0,-1,0.516583414,0,15.0718,0.146608308,0.15483871,0.3424,0.146608308,0.15483871
0.53493851,0,-0.039983436,2329.451,1499.124,1,30.88604355,3.306729555,2.774790201,0,2.452372222,0.35,0.672207603,7.26,4.788,21.0651989,48.57470703,0,0,0,0,0,0,-1,0.204221336,0,10.0402,0.187814974,0.174775,0.0543,0.187814974,0.174775
0.657608743,0,-0.376836224,2224.654,1397.784,2,48.88686752,1.958086014,1.010070881,0,-0.154765337,0.15,0.210614996,1.66,1.6479,13.72799969,37.58787155,0,0,0,0,1,1,0,0.311609687,0,5.2053,0.178051583,0.138,0.1726,0.178051583,0.138
1.510319223,0,0.600488555,2217.465,1365.74,1,12.34692764,0.152031496,7.345055403,5.736,-12.56770507,0.3133,1.246882793,5.75,2.025,26.77999878,44.30429077,0,1,0,0,0,0,0,0.25165722,17.5667,1.9224,0.184904661,0.114663636,0.1969,0.184904661,0.114663636
0.141483473,0,0.020327863,3263.052,1961.743,2,56.97249603,2.876381636,0.53677025,0.700825,0.765764915,0.29,0.700280112,12.28,8.036,56.53959656,53.78328323,0,0,0,0,1,1,1,0.096007619,0,5.6854,0.168900601,0.193564944,0.2203,0.168900601,0.193564944
0.078920334,0,-0.457058968,2230.458,1447.881,2,40.46824265,6.844778538,1.48073967,1.92379091,-1.381640801,0.1075,0.360230548,2.98,3.1458,31.63159943,37.22010422,0,0,0,0,1,0,0,0.290230592,10,14.2851,0.188389825,0.177991667,0.1416,0.188389825,0.177991667
0.421432537,0,-0.272300225,2419.254,1512.487,2,91.52586365,4.030598164,0.888935565,0.975,1.364660856,0.14,0.263157895,4.17,4.5241,-3.25,29.40831757,0,0,0,0,1,1,-1,0.080254792,0,3.8274,0.151579137,0.144464286,0.1062,0.151579137,0.144464286
1.955138864,0,1.783796349,3204.907,1750.906,2,163.2605133,2.388934374,0.204538779,0,-0.063789015,0.08,0.238180982,1.97,3.5156,6.806799889,33.7292099,0,0,0,1,1,0,1,0.051583794,0,2.0192,0.171799147,0.208389356,0.3037,0.171799147,0.208389356
0.853863208,0,0.550110829,3128.3,1696.829,3,121.9082947,15.22651005,0.301954905,0.5345,0.086565049,0.39,0.371747212,8.28,8.1004,66.55479431,51.77283096,0,1,0,0,1,0,1,0.049420586,0,15.751,0.168830258,0.183923971,0.4652,0.168830258,0.183923971
0.447537553,0,0.108020879,2937.647,1581.907,3,52.75235367,8.162585258,1.340906989,1.740325,2.318327038,0.23,0.530304114,8.41,8.4353,46.50360107,41.90804291,0,0,0,0,1,0,0,0.005938371,0,13.781,0.141063471,0.139741379,-0.0284,0.141063471,0.139741379
1.516535636,0,0.737671407,2682.835,1570.851,1,10.67228699,1.502146721,4.435526641,5.005,-2.325054561,0.04,0,1.76,1.5584,15.72480011,33.98881149,0,0,0,0,1,0,0,0.234173552,0,1.3967,0.142086574,0.153909091,0.3135,0.142086574,0.153909091
0.140120654,0,-0.2853594,2345.103,1508.416,1,28.91273117,11.3134079,1.829161488,2.10953,0.391911041,0.19,0.998185118,8.72,5.1937,45.85359955,46.16043091,0,1,0,0,0,0,0,0.169383637,60,35.9305,0.174231122,0.183833078,0.0725,0.174231122,0.183833078
0.396809571,0,-0.319475207,2418.171,1522.625,2,176.5306702,2.749885798,0.277945079,0.4324,-1.320119475,0.0912,0,3.13,3.8911,19.19839859,41.91597366,0,0,0,0,1,0,0,0.093333403,0,3.3719,0.149554499,0.071637505,0.1464,0.149554499,0.071637505
0.547608007,0,0.171952351,3157.603,1536.082,1,21.1177845,1.856158972,3.7315813,2.12,-18.56697317,0.006,0.507982583,0.24,0.3504,15.50640106,41.90876389,0,0,0,1,1,0,0,0.254652575,0,1.4608,0.139737055,0.172054839,0.2083,0.139737055,0.172054839
1.213543844,0,0.453044668,2474.009,1471.685,1,128.4126282,9.191937447,0.551240098,0.58,21.49739994,0.086,0.162074554,4.55,1.4665,11.84039974,34.55560303,0,0,0,0,0,0,0,0.212878608,0,4.6962,0.155646253,0.170306667,0.1739,0.155646253,0.170306667
1.952808797,0,1.479197976,2680.155,1552.306,3,462.3953247,9.49539566,-0.174991605,2.038675,0.421103891,0.0639,0,2.17,0.7825,56.42520142,47.14041901,0,0,0,0,1,0,0,0.047460233,0,-1.8053,0.145800084,0.145634375,0.0046,0.145800084,0.145634375
1.204557456,0,0.756707019,2937.647,1581.907,3,142.7520599,8.565923691,0.170511292,0.21845225,0.560101098,0.0467,1.019367992,1.95,2.3529,79.04519653,57.1934166,0,0,0,1,1,0,1,0.01313771,0,6.0949,0.144526116,0.1547,0.1795,0.144526116,0.1547
0.686644355,0,-0.153622209,2485.606,1442.859,2,31.25625038,5.809418678,1.810727794,2.19,0.760388774,0.2566,0.415627598,6.64,5.9522,36.22320175,32.08940506,0,0,0,0,1,1,0,0.223589066,0,16.0173,0.155646253,0.170306667,0.2558,0.155646253,0.170306667
0.037426558,0,-0.575173737,2604.345,1554.22,1,22.54344559,0.77945292,3.417444735,3.77697143,13.60913598,0.67,1.152073733,10.11,5.8492,50.40879822,30.93058205,0,0,0,0,1,0,0,0.185679356,0,3.722,0.145800084,0.145634375,0.1109,0.145800084,0.145634375
0.196219622,0,-0.468080965,3020.258,1567.163,1,34.33880234,2.861309767,2.165297647,2.83032386,0.071115598,0.27,0.23255814,8.73,5.4751,53.14920044,56.36053467,0,0,0,0,0,0,0,0.107990623,6.3994,7.8579,0.143696086,0.157111765,0.2628,0.143696086,0.157111765
0.372307692,0,-0.264951383,2473.673,1514.818,1,22.63514709,0.222604245,4.872636682,2.87533333,-51.04679384,0.24,0,10.81,4.9439,58.20880127,43.58967209,0,0,0,0,0,0,-1,0.245143647,30,0.7669,0.148887977,0.162722222,0.0845,0.148887977,0.162722222
1.028106194,0,0.506470017,2452.66,1494.591,2,27.33481789,1.427338958,1.725972712,1.90712857,2.655010199,0.444,0.631313131,10.14,6.0627,64.7868042,46.20802307,0,0,0,0,1,1,0,0.263465438,0,5.4957,0.149741521,0.163775,0.0278,0.149741521,0.163775
0.280805565,0,-0.155085757,2478.824,1441.213,1,32.97099304,1.965914965,1.27196056,1.70666667,0.732372356,0.154,1.02189781,3.79,2.9685,26.30160141,28.91868591,0,0,0,0,0,1,0,0.168883506,7.1141,6.0872,0.149741521,0.163775,0.0202,0.149741521,0.163775
0.663179916,0,0.267735222,3057.521,1634.052,1,-759.5522461,8.858625412,-0.087987968,0.836,0.269178452,-0.147,0,-13.33,-1.4852,7.701200008,37.04198837,0,0,0,0,0,0,0,0.369667938,0,-47.3792,0.144728648,0.170377778,0.151,0.144728648,0.170377778
0.870877082,0,0.374591072,3057.521,1634.052,2,171.5037689,9.323152542,0.369489286,0,0.668732874,0.133,0.307337687,4.89,3.8762,31.82920074,44.12545776,0,0,0,0,1,1,0,0.127046104,0,5.5263,0.137671513,0.1352375,0.3034,0.137671513,0.1352375
1.503224457,0,0.912259187,2474.009,1471.685,2,58.13233948,2.433737993,0.806833438,0.98,0.871439794,0.27,0,9.25,5.7475,36.9095993,35.68125534,0,0,0,0,1,1,0,0.182997997,0,4.8571,0.151323376,0.160010714,0.0975,0.151323376,0.160010714
1.06012625,0,0.545679485,2779.525,1604.447,2,32.65350723,2.450083971,1.633352981,1.84326596,1.264079367,0.35,1.29617628,10.02,8.7384,53.19599915,44.86964417,0,0,0,0,1,0,0,0.055423835,10,7.8507,0.144141185,0.149464706,0.0583,0.144141185,0.149464706
0.337241048,0,0.041857664,2972.532,1519.798,1,66.93800354,2.726762295,0.956182793,0,1.164653554,0.08,0,2.14,1.7922,28.28800201,29.69748306,0,1,0,0,0,1,0,0.221071119,41.6667,3.2575,0.137117897,0.129541379,-0.0451,0.137117897,0.129541379
0.463396167,0,0.08701919,3061.02,1644.212,1,44.94760513,0.6785146,1.788859233,1.8652,4.357068734,0.136,0.659340659,5.59,4.1433,33.02000046,40.40813446,0,0,0,0,0,0,0,0.145032737,0,1.5296,0.137117897,0.129541379,0.0392,0.137117897,0.129541379
0.562259896,0,0.049616229,2604.345,1554.22,2,20.96425629,2.54295826,3.655766151,4.05741853,-3.427713763,0.46,0.802919708,11.21,9.1263,23.65999985,38.77626038,0,1,0,0,1,1,0,0.136956784,10,11.3908,0.14369342,0.155,0.0832,0.14369342,0.155
0.029933448,0,-0.620607163,2680.155,1552.306,3,131.1496124,13.48683167,0.285783105,0.59145714,0.95100781,0.0972,0.193723363,1.95,2.912,53.41960144,44.75498581,0,0,0,1,1,0,1,0.045402657,0,8.8218,0.153459798,0.177642857,0.1667,0.153459798,0.177642857
1.603427411,0,1.41237968,3127.445,1517.928,2,111.3725815,4.743603706,0.550462703,0.7995,1.341340025,0.34,0.287356322,6.53,4.7631,85.12919617,45.89722443,0,0,0,0,1,1,0,0.146323224,0,5.9291,0.140600079,0.159316667,0.0451,0.140600079,0.159316667
0.092798626,0,-0.03316513,3152.2632,1926.245,2,35.33899689,2.338293552,1.91643252,2.55851667,1.917314284,0.2,0.437062937,6.54,4.5333,71.66120148,58.15105438,0,1,0,0,1,1,1,0.170332931,0,7.4051,0.262576205,0.229974168,0.0536,0.262576205,0.229974168
0.185980556,0,-0.420756186,2331.95,1524.121,2,134.3975525,2.418056488,0.484440751,1.43468667,-1.138538417,0.12,0,2.89,2.3154,67.10079956,51.32574463,0,1,0,0,1,1,0,0.241545894,0,4.0902,0.187854729,0.178352632,0.2184,0.187854729,0.178352632
0.587002096,0,-0.083230666,2430.677,1516.396,2,139.7918701,1.476124406,0.246925319,0,-2.934988869,0.0815,0,0.86,2.0965,40.92919922,43.4901619,0,0,0,1,1,0,1,0.274207564,20.6897,0.71,0.151579137,0.144464286,0.0827,0.151579137,0.144464286
0.66330728,0,-0.130280968,2004.339,1434.021,1,25.59049034,0.741379678,4.648489701,5.30486702,-5.337508185,1.06,1.044563271,16.07,8.2058,15.45440006,36.09589386,0,0,1,0,0,0,-1,0.154427475,0,3.6172,0.120974086,0.065154836,0.0807,0.120974086,0.065154836
0.885991968,0,-0.328798159,2057.033,1319.505,2,18.51326561,1.429273844,8.469252593,9.05036842,-3.475070994,0.31,0.383288616,4.49,1.9846,28.01239967,48.71676636,0,0,0,0,1,1,-1,0.06992987,0,7.6055,0.164753492,0.21899325,0.0584,0.164753492,0.21899325
0.174361146,0,-0.443350941,2046.588,1367.964,3,75.50361633,21.49320602,2.763342805,3.21893684,-0.548422852,0.44,0.15497361,15.87,17.7927,79.55479431,48.22785568,0,0,0,1,1,1,-1,0.016029454,0,29.7515,0.133578075,0.084442105,-0.2306,0.133578075,0.084442105
0.119467741,0,-0.534047332,2004.949,1395.509,1,32.65631485,4.942796707,3.852237335,4.31203909,4.240809591,1.19,0.435309016,24.762,19.5699,51.51119995,34.68180084,0,1,0,0,1,1,-1,0.104776475,13.5255,15.4767,0.131142781,0.133432468,0.1318,0.131142781,0.133432468
1.624035477,0,0.628229087,1997.692,1399.266,1,83.2199173,2.756973982,1.239571,1.48713,-8.33903884,0.6726,0.208420175,12.7,7.6041,67.95359802,52.13266373,0,0,0,0,0,1,-1,0.093641288,0,3.4239,0.12193894,0.056868545,0.2135,0.12193894,0.056868545
-0.047719832,1,-0.624707001,2041.254,1465.985,1,46.88293457,4.921576023,3.403945862,4.00773801,0.051445611,0.552,0.508415414,13.89,7.4311,51.27720261,44.78238678,0,0,0,1,1,0,-1,0.007895912,0,8.9825,0.155251345,0.201930126,0.67063139,0.155251345,0.201930126
-0.266023701,1,-1.027016399,2103.671,1527.151,2,48.67306137,13.06119823,9.58550947,10.07413744,2.821206493,1.65,0.247213899,27.58,20.1351,66.33639526,33.91020966,0,0,0,0,1,1,-1,0.069415768,0,26.7119,0.136042256,0.069877778,0.1348,0.136042256,0.069877778
0.187607149,0,-0.562931748,2038.513,1471.34,1,42.57525635,10.56584644,9.041535659,10.76595,11.26995956,0.72,0.750469043,16.09,11.4946,55.21879959,47.59976578,0,0,0,0,1,0,-1,0.097370974,10,27.6044,0.133578075,0.084442105,0.1567,0.133578075,0.084442105
0.613512168,0,-0.441561453,2067.382,1326.438,3,44.89808273,7.926537514,1.331733476,1.3781,-1.484918825,0.1,0.419089094,2.01,1.6995,0,0,0,0,0,1,1,0,0,0.022413803,0,14.0128,0.140075231,0.246759544,-0.0967,0.140075231,0.246759544
1.601458781,0,0.685365593,2024.365,1361.283,2,50.70077515,0.621587932,1.306475554,2.13,14.83408415,0.0183,0.178253119,0.69,0.6578,58.63000488,43.37117767,0,1,1,0,1,0,0,0.206657714,0,0.4241,0.175655847,0.144636364,-0.0522,0.175655847,0.144636364
1.918126282,0,1.107546336,2025.196,1485.64,1,28.38668823,4.836971283,19.51657757,11.77689113,-21.90747909,0.55,0.905797101,15.14,3.431,88.52999878,60.86386871,0,0,0,0,0,0,-1,0.214089725,0,99.799,0.1262413,0.103471773,0.0484,0.1262413,0.103471773
1.791532441,0,0.837114514,2067.311,1394.824,1,8.579211235,0.234864637,19.71175298,16.87,44.11175022,0.454,3.461538462,12.14,4.7434,-26.47839928,23.83485794,0,0,0,0,0,1,-1,0.308324435,40.83,3.2849,0.121813232,0.140718682,0.0937,0.121813232,0.140718682
1.323192045,0,0.410177295,2219.945,1360.692,1,38.86611557,9.290151596,4.051618489,6.02831818,-25.18831477,0.17,0.767263427,4.16,0,3.712800026,39.5002594,0,0,0,0,0,1,-1,0.341732283,15.5714,30.6395,0.181631934,0.10644,0.1536,0.181631934,0.10644
1.399837691,0,-0.014200389,2026.504,1226.473,3,30.88756752,15.99181271,8.828928393,8.57844021,5.513563898,0.31,0.448028674,8.38,6.7971,77.95320129,61.42128754,0,0,0,0,1,0,-1,0.006297362,0,180.701,0.164418137,0.13610733,0.1733,0.164418137,0.13610733
0.812986116,0,0.05815899,2057.908,1460.611,1,41.99799728,3.335999489,2.634031514,2.95,0.69269064,0.851,0.718301062,18.5,9.1681,39.95159912,32.09589767,0,0,0,0,0,1,-1,0.086240355,55.5,8.2347,0.124323658,0.091434489,0.1125,0.124323658,0.091434489
0.770894842,0,0.181278766,2306.862,1495.513,2,423.3970032,9.135942459,0.064555693,0.55267802,0.435954896,0.05,0.042789902,0.93,0.8088,74.43280029,65.34123993,0,1,0,0,1,0,1,0.053643471,0,3.0795,0.198878835,0.166633333,0.1942,0.198878835,0.166633333
1.14550881,0,-0.202891326,2050.228,1338.971,2,54.52971649,2.254300356,1.683462687,2.0757213,0.228944975,0.05,0.368758758,1.45,1.3388,21.0340004,42.46041107,0,0,0,1,1,0,0,0.308842212,14.6141,5.5873,0.165926604,0.112800829,0.081,0.165926604,0.112800829
0.790540179,0,-0.671149947,2067.382,1326.438,1,53.88837814,3.664665461,8.621649577,6.41,14.29140195,0.03,0.482259731,0.6255,0.522,82.26399994,81.84673309,0,0,0,0,0,0,-1,0.097586592,0,3.6113,0.164753492,0.21899325,0.3053,0.164753492,0.21899325
1.599324558,0,0.116574133,2034.565,1306.284,1,9.971704483,2.094455004,8.977796589,6.875325,3.118693053,0.1141,0,2.96,1.9577,31.88119888,36.13843918,0,0,0,0,0,0,-1,0.068763822,0,10.8664,0.152965399,0.148188121,0.0976,0.152965399,0.148188121
0.248782142,0,-0.398303064,2326.527,1494.017,2,211.5150299,4.873123169,1.004670001,2.497,3.252704514,0.0798,0,1.98,1.3838,32.73920059,44.42183304,0,0,0,0,0,0,-1,0.210585087,0,3.0163,0.187854729,0.178352632,0.2485,0.187854729,0.178352632
0.095882167,0,-0.280908905,2209.465,1420.54,1,15.57072639,0.118830413,6.440473221,8.41678101,0.073655136,0.6627,0.969960193,9.94,3.1322,43.15480042,47.18729401,0,0,1,0,0,0,-1,0.025472945,0,0.7786,0.185037997,0.16988125,0.0268,0.185037997,0.16988125
1.086431833,0,0.374559169,2240.211,1427.404,1,7.129472256,1.07222712,15.28997786,16.72765,-67.5800451,0.1741,7.749712974,2.19,1.043,4.243200302,35.40507126,0,0,0,0,0,0,-1,0.425821836,10,8.7981,0.188389825,0.177991667,0.0983,0.188389825,0.177991667
0.929654642,0,0.447902631,2326.432,1489.835,3,137.7264252,13.87647057,0.291676181,1.10879975,-0.318363366,0.16,0.37455329,2.5,1.9933,33.92480087,45.09102249,0,1,0,1,1,0,0,0.039177987,0,12.4436,0.18543914,0.173755,0.0864,0.18543914,0.173755
-0.018255086,1,-0.646434388,2288.627,1477.673,2,33.20123672,1.919930696,6.323171571,8.64763571,-0.012239997,0.34,0.409836066,9.28,4.2151,61.16240311,46.52387238,0,0,0,0,1,0,-1,0.182992997,0,3.7924,0.188389825,0.177991667,0.2338,0.188389825,0.177991667
0.442983512,0,-0.268182403,2419.254,1512.487,1,19.47619438,1.759580493,6.349938579,12.338,-94.84715565,0.62,0.463320463,19.04,2.3476,48.29759979,44.86964417,0,0,0,0,1,0,-1,0.291951353,0,8.1924,0.154262401,0.147358333,0.1359,0.154262401,0.147358333
-0.047321811,1,-0.685787883,2331.95,1524.121,1,-87.39170074,1.996638298,-1.755672599,4.96098926,12.2151337,0.0049,0,0.06,1.3897,40.04520035,42.92192459,0,0,0,0,1,0,-1,0.455565751,0,0.4454,0.185154308,0.170518182,0.2288,0.185154308,0.170518182
0.152442128,0,-0.266321785,2343.575,1517.421,1,16.43361282,1.454238057,6.975763371,7.04276876,3.807306341,0.515,0.648929267,6.77,5.5346,37.16960144,29.38019371,0,0,0,0,1,0,-1,0.245067202,0,9.7491,0.179910508,0.190286085,0.0709,0.179910508,0.190286085
-0.274679543,1,-0.666841759,2345.103,1508.416,1,45.38834,1.550513029,5.461711778,3.28753839,4.610013678,0.202,0.654372397,3.411,3.1654,9.604399681,31.88244629,0,0,0,0,0,0,-1,0.155346894,0,6.2567,0.184362086,0.195723518,0.0667,0.184362086,0.195723518
0.839175258,0,0.191228452,2474.009,1471.685,1,-35472.09375,0.240569562,0.0034015,3.43,63.40391521,0,0,1.04,1.8831,16.97800064,36.32304382,0,0,0,0,1,1,-1,0.256588114,0,0.205,0.149741521,0.163775,0.1521,0.149741521,0.163775
-0.021040327,1,-0.743902387,2347.718,1511.357,1,77.08166504,3.300088644,3.64020479,4.32650946,11.44581829,0.142,0.366032211,5.44,2.5709,80.25680542,57.34629059,0,0,1,0,0,0,-1,0.216680903,0,5.3833,0.208953131,0.209564694,0.416,0.208953131,0.209564694
0.730034056,0,-0.271907853,2779.525,1604.447,1,22.59439087,2.764411926,11.32954254,14.6675,-38.51242767,0.071,1.508515815,3.41,1.7431,19.57800102,33.36144638,0,0,1,0,1,0,-1,0.255451914,0,11.0948,0.153459798,0.177642857,0.5072,0.153459798,0.177642857
1.337686544,0,0.742300686,2357.711,1526.175,1,9.80061245,1.236570001,13.83616436,11.3525875,15.67225252,0.727,2.489866821,9.38,6.7632,25.06920052,31.80600929,0,0,0,0,0,1,-1,0.239350322,13.7764,14.8454,0.174231122,0.183833078,0.1532,0.174231122,0.183833078
1.672737013,0,0.762135214,2418.171,1522.625,1,10.13667011,0.154516369,17.51591993,17.5,9.102545038,0.37,3.238866397,9.89,2.3574,11.35159969,32.83647537,0,0,0,0,0,0,-1,0.240497659,15,1.706,0.155646253,0.170306667,0.2894,0.155646253,0.170306667
0.771990175,0,-0.029751865,2485.606,1442.859,2,101.8180008,8.752040863,1.456316353,1.53396149,1.208895279,0.1979,0.104947526,4.46,4.7346,93.18919373,59.85575485,0,1,0,1,1,0,-1,0.022164823,0,8.4788,0.151172825,0.167323529,0.2484,0.151172825,0.167323529
0.676648909,0,0.021929915,3127.445,1517.928,1,22.24267197,0.920255303,7.36894652,12.31813805,-87.24590955,0.575,0.870827286,8.35,1.4153,13.06239986,43.79086304,0,0,0,1,1,0,-1,0.209365125,0,6.8458,0.143494682,0.131262963,0.3324,0.143494682,0.131262963
0.404969541,0,-0.31088525,2038.513,1471.34,2,15.84562206,3.871082544,2.208491032,1.63873961,3.192775149,0.694,0.95201828,15.78,15.1045,-4.768400192,31.69207382,0,1,0,0,1,0,1,0.26736458,0,29.5589,0.136065695,0.0954,0.119,0.136065695,0.0954
0.566664652,0,0.050456759,2450.986,1505.552,1,17.47714424,4.450449944,9.191945464,9.589425,10.92973288,0.674,1.357773252,19.15,14.8102,31.30400085,33.35855865,0,0,0,0,1,0,-1,0.064410476,22.5205,28.0973,0.145800084,0.145634375,0.0083,0.145800084,0.145634375
0.650099134,0,0.025927238,2486.791,1504.833,2,21.94182968,1.452700496,8.625445709,8.77974118,3.136080819,1.16,0.559701493,18.43,11.4338,42.47880173,34.83250809,0,0,0,0,1,1,-1,0.140136054,0,7.4334,0.153459798,0.177642857,0.1276,0.153459798,0.177642857
-0.098404255,1,-0.405915315,3165.815,1460.108,1,-22.19516945,0.357768267,-6.150261385,-12.95,10.79386503,-0.82,0,-15.33,-1.0362,38.8024025,48.48168182,0,1,1,0,0,0,-1,0.347075766,50,-3.5995,0.140600079,0.159316667,0.2741,0.140600079,0.159316667
0.072926826,0,-0.467458026,2456.366,1481.86,1,45.58749008,2.016250134,6.755553521,7.61058889,11.32477461,0,0.551905388,12.54,6.4444,63.62200165,44.89632416,0,0,0,0,1,1,-1,0.065798453,0,4.5842,0.145800084,0.145634375,0.0562,0.145800084,0.145634375
0.432655208,0,-0.150320351,2075.235,1465.139,2,35.36258316,13.50963306,1.515726435,2.15876,2.106911336,0.61,0.3,15.98,10.3278,13.91520023,38.08904266,0,0,0,1,1,1,0,0.149703969,0,30.5107,0.145236452,0.218347341,0.0405,0.145236452,0.218347341
1.223846424,0,0.914203293,3168.016,1499.4,1,146.6955414,7.81453228,0.888728163,1.35,-0.638887084,0.1707,0.187617261,4.85,2.246,110.6664047,44.27328491,0,0,0,0,0,1,-1,0.087674514,20,5.3775,0.140353164,0.165134375,0.1802,0.140353164,0.165134375
-0.153687112,1,-0.166212213,3302.408,1994.39,1,46.21767044,5.927153587,2.574171977,3.3559,2.059304702,0.55,0,27.86,29.6677,45.6975975,38.96879578,0,1,0,0,1,0,0,0.258411804,0,13.1508,0.17951441,0.178047201,0.0993,0.17951441,0.178047201
0.321483006,0,0.171849948,3336.285,1986.986,1,177.2805328,4.75920248,-0.004660579,0.464,0.55559885,0.06,0.377643505,1.84,2.6036,31.73040009,40.65691757,0,0,0,0,0,1,1,0.33261297,25.2413,-1.3668,0.181831937,0.190397643,0.2611,0.181831937,0.190397643
0.121597096,0,-0.01466501,3262.305,1711.372,1,36.62360382,3.281211138,0.834713607,0,0.124077628,0.029,0,2.9372,0.5665,35.23520279,40.35116577,0,0,0,0,0,1,1,3.600381356,0,1.5058,0.173077427,0.22366012,0.3231,0.173077427,0.22366012
0.552492392,0,0.686227368,3174.126,1757.739,1,30.01726913,3.131309271,1.209538061,0,3.073135387,0.53,0.827015851,12.91,5.5434,8.980400085,26.78996658,0,1,0,0,0,0,1,0.272419856,0,9.6681,0.169421705,0.19349363,0.039,0.169421705,0.19349363
0.054194162,0,-0.046497824,3263.052,1961.743,1,18.6937027,1.731507301,1.096983617,1.85,2.644322245,0.4673,0.695410292,15.71,10.1926,23.01520157,34.10058212,0,0,0,0,0,0,1,0.103254168,0,10.692,0.172681369,0.209149009,0.2289,0.172681369,0.209149009
0.145555556,0,0.155387184,3298.359,1880.388,1,632.9625854,3.080060959,0.029866948,0,-0.11049298,-0.106,0.28708134,-4.66,-3.3396,26.58760071,32.41534805,0,0,0,0,0,1,1,0.192808502,0,-2.9781,0.170242644,0.191932973,0.1986,0.170242644,0.191932973
0.791059472,0,0.142703419,2207.106,1411.15,3,-122.2019119,12.12816048,-0.130229784,0,-0.042643509,-0.0542,0,-1.39,-0.4828,53.71080017,60.02521896,0,0,0,0,1,1,1,0.239626056,0,-1.7422,0.200653237,0.155372727,0.2353,0.200653237,0.155372727
0.22,0,-0.502737484,2195.818,1403.795,3,-47.24136353,5.112558365,-0.752632682,0.48724904,-0.817380488,0.0124,0,0.4,1.2387,28.45440102,45.76742554,0,1,0,0,1,0,1,0.053576417,0,0.79,0.196245663,0.19494,0.0834,0.196245663,0.19494
1.425906836,0,-0.073509115,2054.948,1367.388,2,26.95497513,2.858863115,0.788009074,0.93063333,0.722192847,0.1909,0.537056928,5.98,4.9063,23.27519989,29.14583397,0,0,0,0,1,1,1,0.515656624,0,26.9536,0.191021637,0.156355556,0.28,0.191021637,0.156355556
1.014180584,0,-0.139139178,2025.502,1358.708,2,38.35602951,6.023128986,0.972989109,1.37261429,-0.567342315,0.08,0.535905681,3.34,3.5328,33.86759949,36.69153214,0,0,0,0,1,1,1,0.129354508,0,17.826,0.185423491,0.1757375,0.147,0.185423491,0.1757375
0.339090546,0,0.247078003,3248.476,2014.786,3,78.34838867,1.373511672,0.636314515,0.8971,-1.814402093,0.37,0.398089172,5.13,3.3347,29.01600075,45.17827988,0,0,0,0,0,1,1,0.142883813,0,1.8399,0.183883449,0.200310189,0.1707,0.183883449,0.200310189
-0.027368421,1,-0.154189523,3682.095,2291.789,1,-50.03654861,5.433124065,-1.701543383,0.17696667,2.608069819,0.04,0,1.31,2.533,62.04119873,41.18476868,0,1,0,0,0,0,0,0.012489666,0,0.7125,0.186717505,0.200223978,0.2232,0.186717505,0.200223978
0.292015193,0,-0.438031958,2052.871,1278.282,3,211.1011658,8.613931656,0.076619837,0.67,0.587022185,0.014,0.427350427,0.6,0.5943,29.63479805,43.90623856,0,1,0,0,1,0,1,0.019915718,0,2.5976,0.164229161,0.11810733,0.1975,0.164229161,0.11810733
0.672502581,0,0.446787583,2212.516,1275.912,2,27.55709457,2.31661582,1.609667773,1.85343846,1.522604525,0.3,1.265822785,7.04,5.7426,-5.745999813,28.46438408,0,1,0,0,1,1,0,0.252525253,0,9.9168,0.152450891,0.179997159,0.1595,0.152450891,0.179997159
0.515276195,0,0.359987048,2128.864,1261.684,2,97.79376984,4.774090767,0.286701025,0.73,0.079147891,0.21,0.372856078,7.99,5.4664,11.62199974,42.69405365,0,0,1,0,1,1,0,0.208063276,0,10.1321,0.148487173,0.144401948,0.1176,0.148487173,0.144401948
0.260387812,0,-0.038323892,3604.7951,2717.052,1,-66.02076721,20.67721558,-1.353323012,0.6145,-0.473056686,0.0109,0,0.45,0.9221,31.51720047,43.38055038,0,1,0,0,0,0,1,0.171256678,0,0.7509,0.30339829,0.354203704,0.3315,0.30339829,0.354203704
1.695717513,0,1.311793626,3382.5612,2478.277,2,396.18573,4.206284523,0.186173747,0.55518889,0.10929307,0.13,0.141404253,2.02,2.0091,90.22520447,73.1530304,0,0,0,-1,1,1,0,0.112666195,0,1.6835,0.295888699,0.401747059,0.4133,0.295888699,0.401747059
0.629720258,0,0.055993475,2127.792,1256.084,2,50.59049988,5.340816975,0.6587727,0.76769,-0.091787062,0.35,0.858000858,6.51,5.3259,8.241999626,37.17683792,0,1,0,0,1,1,0,0.153843777,8.0122,9.9318,0.144874134,0.163213636,0.1407,0.144874134,0.163213636
1.77292077,0,0.230265841,2008.119,1244.647,3,200.5580597,12.52149868,0.200225153,1.212,0.657824114,0.02,0.432820132,0.69,0.6861,62.28560257,80.9864502,0,1,0,0,1,1,0,0.046444066,0,6.2707,0.165540215,0.151560663,0.2194,0.165540215,0.151560663
0.564129881,0,0.027603401,2251.762,1240.287,3,82.95922852,2.586188078,0.627161033,0.6785,-1.053156447,0.21,0.184352461,7.14,8.0171,59.24880219,63.55361176,0,1,0,1,1,0,0,0.01433688,0,3.6428,0.114653424,0.05504,0.2238,0.114653424,0.05504
0.848883141,0,0.254815599,2237.492,1231.921,2,25.1553421,2.856687546,2.03183281,2.9089,-0.34780764,0.3848,0,12.93,8.9061,23.43640137,30.45248604,0,0,1,1,1,0,0,0.446449866,0,11.0929,0.13642199,0.147215385,0.2745,0.13642199,0.147215385
0.66480309,0,0.448164833,3459.6396,2584.317,3,56.2125473,7.38406086,0.612655001,0.7528805,0.250124267,0.0267,0.429799427,1.5,1.8918,0,0,0,0,0,0,1,0,1,0.016606746,0,2.1821,0.293139056,0.4076875,0.255,0.293139056,0.4076875
1.33658988,0,1.108334115,2101.301,1227.995,2,24.28754616,5.275096893,2.076661576,2.68913333,-0.736272692,0.32,0.76433121,9.15,7.7635,30.49279785,37.62537003,0,0,0,1,1,1,0,0.159874783,0,21.6011,0.15577232,0.180556307,0.1795,0.15577232,0.180556307
1.638185417,0,1.309179532,2255.605,1220.633,3,67.94635773,2.171370506,0.36820457,0.78566667,0.114386754,-0.05,0.236966825,-2.13,0.5742,-11.32040024,43.37477875,0,1,0,0,1,0,1,0.085455513,0,-1.4187,0.152450891,0.179997159,0.2634,0.152450891,0.179997159
0.4556804,0,0.128462902,3510.354,2745.7,1,1630.810913,58.97691727,0.088419225,0,-0.172648904,0.0164,0.028805674,1,0.5843,51.30319977,55.33223343,0,1,1,0,0,0,-1,0.69978597,0,2.0953,0.302691209,0.28325283,0.3881,0.302691209,0.28325283
1.862445415,0,1.332177312,3072.536,1529.468,2,231.7213287,1.243518472,0.108842503,0,0.1140252,0.05,0,3.07,3.1807,6.786000252,39.22262955,0,1,0,1,1,0,1,0.060712358,0,1.0841,0.135490875,0.12307,0.273,0.135490875,0.12307
0.028888315,0,-0.276789046,3578.964,2830.259,1,48.89840698,2.571837902,1.484204113,3.83825,-4.266820906,0,0.805961988,10.83,3.2177,48.25080109,59.37765503,0,1,0,0,1,0,0,0.445032454,0,6.9263,0.318753211,0.311933333,0.3901,0.318753211,0.311933333
0.425605014,0,0.351265229,3617.062,2770.752,1,92.47650146,12.42494011,0.564147154,0,-2.55894139,0.16,0.249459371,5.86,4.5803,38.9844017,57.5287323,0,0,0,0,1,0,1,0.124313449,0,16.2791,0.288675666,0.322669444,0.1783,0.288675666,0.322669444
0.153333333,0,-0.403684259,2339.657,1517.483,2,84.34520721,8.902882576,0.455829168,0.25294,0.769898202,-0.19,0.189537528,-4.27,2.8255,39.74359894,29.28356743,0,1,0,0,1,1,1,0.180598555,15,-5.1071,0.150474663,0.113529869,0.0617,0.150474663,0.113529869
0.555764901,0,-0.32108989,2033.3,1477.669,2,30.1620121,1.651659489,0.682213895,0,-3.915710128,0.58,1.142204455,6.48,7.0318,19.23479843,39.40434647,0,1,0,1,1,1,1,0.258850335,13.7098,7.9921,0.136065695,0.0954,0.28,0.136065695,0.0954
0.339670396,0,0.050753282,3472.4394,2667.912,2,912.562439,7.356920242,0.143707286,0.8,0.603265301,0.03,0.064235472,0.6,1.9405,67.99520111,61.40974808,0,0,0,1,1,0,0,0.055210175,0,1.3259,0.312994253,0.301921154,0.4041,0.312994253,0.301921154
0.926749101,0,-0.157911999,2021.734,1466.217,2,106.9011841,13.41673756,0.343050876,0.39965,-0.443953244,0.17,0.26652452,7.23,6.7834,30.69560051,50.34431458,0,0,0,1,1,1,1,0.154820549,15,12.9549,0.134414318,0.127847418,0.253,0.134414318,0.127847418
0.606134901,0,-0.228084404,2021.734,1466.217,2,43.68335724,2.533073902,0.92871279,1.05128571,0.218255096,0.32,0.526592944,10.72,7.5003,22.23519897,37.1544838,0,1,0,0,1,1,1,0.151232564,0,6.3306,0.155908983,0.21801877,0.1325,0.155908983,0.21801877
0.757526444,0,-0.376771033,2063.67,1417.614,3,-23.71219063,7.165967464,-0.626046982,-0.47176,0.54979612,-0.9949,0,-21.71,-9.2778,25.94280052,58.0270195,0,1,0,1,1,0,1,0.150960912,0,-35.8484,0.130875581,0.11278602,0.2451,0.130875581,0.11278602
1.251883167,0,1.196304172,2162.041,1068.147,2,31.35918999,1.950840473,1.144419721,1.3437,-1.007358851,0.08,0.677392041,1.1,1.0993,-13.18720055,43.77788162,0,1,0,0,1,1,0,0.183004593,0,6.7809,0.089758094,0.079367682,0.1176,0.089758094,0.079367682
0.58685446,0,0.532951973,2324.017,1065.96,2,38.77898788,1.305086851,0.428925853,0,-0.87072346,0.08,0.663265306,2.11,1.3719,-21.46039963,38.75246429,0,0,0,0,1,1,1,0.434343139,10,4.7117,0.092342771,0.043345459,0.2299,0.092342771,0.043345459
0.05132994,0,-0.120587858,3533.779,2735.485,1,95.11660004,4.156761646,0.893029132,0,-0.460935778,0.06,0.193986421,1.22,0.7691,50.2840004,59.40433884,0,0,0,0,0,0,0,0.026618121,0,3.4188,0.30670625,0.288461111,0.2432,0.30670625,0.288461111
0.110277227,0,0.101429302,2270.931,1032.756,2,45.30233383,3.052042484,0.692908804,1.098075,0.485516478,0.06,1.172791243,1.9,1.5651,-7.539999962,39.75624847,0,1,0,0,1,1,0,0.19033622,0,6.2468,0.092183549,0.056720914,0.1771,0.092183549,0.056720914
0.169811321,0,0.076380258,3536.9272,2738.149,1,-687.6629639,742.6358032,-0.179570907,0,0.114755575,-0.05,0,-16.54,-2.838,80.29320526,85.1955719,0,0,0,0,0,0,0,0.348942431,0,-693.4383,0.312994253,0.301921154,0.1787,0.312994253,0.301921154
-0.295977155,1,-0.139606134,3612.485,2795.78,3,130.0290985,13.31508255,0.603732834,1.0305,-2.959662904,0.07,0.132625995,2.15,2.2504,35.98920059,61.79554367,0,0,0,0,0,1,0,0.061265812,0,5.234,0.318726368,0.319760784,-0.04,0.318726368,0.319760784
0.614265226,0,0.411747685,2218.318,923.406,2,81.91861725,4.3010602,0.250064889,0,-0.132066193,-0.05,0.160565189,-1.99,-0.3965,2.194399834,53.13212585,0,0,0,0,1,1,1,0.273808112,0,-39.5261,0.104436843,0.09460283,0.3345,0.104436843,0.09460283
0.140643955,0,0.043771841,2242.169,916.021,2,28.99697113,0.862365723,1.003093361,1.28438488,-0.099765739,0.08,0.885896527,1.69,1.3981,9.058400154,47.68341827,0,1,0,0,1,1,0,0.196830916,10.0048,3.6242,0.101375671,0.043416085,0.2142,0.101375671,0.043416085
0.5237691,0,0.570736268,2199.307,903.634,2,37.94472504,1.480924606,0.349537846,0,1.296450288,0.11,0.816993464,1.5,1.3461,-17.11840057,25.53884125,0,0,0,0,1,1,1,0.468173552,0,5.7141,0.104436843,0.09460283,0.0688,0.104436843,0.09460283
0.821619931,0,0.676379301,2199.307,903.634,2,39.76787567,4.931045532,1.912272068,1.86195714,0.045996789,0.03,0.730337079,1.21,0.8589,3.068000078,39.51323318,0,1,0,0,1,1,0,0.211103664,0,8.8375,0.103956111,0.040684669,0.2598,0.103956111,0.040684669
1.47802509,0,1.130065966,2100.137,1180.656,2,46.5312233,3.208091497,0.504018378,0,0.570173989,0.109,0.710059172,3.19,3.7195,-26.77480125,43.1707077,0,1,0,0,1,1,1,0.274242552,10.0009,12.8047,0.117073793,0.2096875,0.2844,0.117073793,0.2096875
-0.086456809,1,-0.314858679,3636.089,2783.942,3,-58.08595276,2.609844923,-1.627409581,-1.67,-2.401446205,-0.93,0.121654501,-11.39,-4.4767,57.58999634,50.68395615,0,0,0,1,0,0,0,0.219317651,0,-8.4956,0.305170213,0.284982692,0.2931,0.305170213,0.284982692
1.482352966,0,1.161747946,2081.88,1167.094,2,85.44231415,2.321665525,0.221644211,0.47214286,0.407746211,0.13,0.410846343,5.53,3.6299,14.96039963,40.76292038,0,1,0,0,1,1,1,0.247047061,0,4.8076,0.131856578,0.2243,0.273,0.131856578,0.2243
0.381125482,0,0.271726408,3383.182,1739.79,1,386.6763,8.170509338,0.257593507,0,0.709647841,0.13,0.112778546,6.49,3.7465,15.02799988,31.00052834,0,0,0,0,1,0,0,0.091993156,0,5.9656,0.165088773,0.171740141,-0.10237675,0.165088773,0.171740141
-0.003636364,1,-0.033230057,3095.124,1708.845,1,-13.96789551,2.092075348,-3.321956901,0,-12.86913731,0.02,0,1.42,5.4047,38.3083992,50.89019394,0,0,0,0,0,0,1,0.363795365,26.4706,1.7374,0.169845905,0.190600861,0.212,0.169845905,0.190600861
0.334669339,0,0.236240361,3579.999,2835.701,2,-58.8101387,7.75944519,-1.614201261,0.3995,5.485386299,0.018,0,1.42,1.6106,18.9279995,53.07948303,0,0,0,-1,1,0,0,0.105386056,0,1.6115,0.318726368,0.319760784,0.2148,0.318726368,0.319760784
0.646027745,0,0.587813518,2286.605,839.836,2,30.61938286,3.395497084,0.939351129,0.9388375,-0.517366003,0.6,0.659630607,11.52,10.5296,1.585999966,41.0513649,0,0,0,0,1,1,1,0.101912358,0,13.8353,0.172891483,0.100824962,0.2322,0.172891483,0.100824962
-0.059358841,1,-0.007774591,3095.124,1708.845,1,19.5492897,1.93999052,3.794983303,3.685,3.23943663,0.4618,0.968992248,12.77,7.2493,-5.147999763,32.03244019,0,0,0,0,0,0,0,0.530927842,0,10.0502,0.170242644,0.191932973,0.1378,0.170242644,0.191932973
0.597806293,0,0.31312679,3502.847,2137.462,3,98.21266937,19.86996651,0.9806574,1.39244558,0.391368691,0.52,0,12.5,9.9459,87.82800293,60.84079742,0,0,0,1,1,0,0,0.025163773,0,21.9179,0.170820368,0.193728981,0.3974,0.170820368,0.193728981
1.266876964,0,1.190486431,3174.126,1757.739,1,19.42397118,2.777258396,2.295569493,2.3237,4.854150152,0.4192,0.598086124,9.68,7.69,12.67239952,25.55470657,0,0,0,0,1,0,1,0.250382284,15,13.4531,0.175613442,0.224479402,0.2466,0.175613442,0.224479402
0.890909091,0,0.824220568,2299.986,1051.653,2,90.03381348,4.470565319,0.082772898,0,0.176736041,0.0182,1.19695321,0.58,0.7717,-24.05519867,29.19198608,0,1,0,0,1,1,1,0.525049441,0,3.9583,0.098819483,0.023911442,0.1912,0.098819483,0.023911442
0.140144805,0,0.032788485,2251.806,1009.526,2,19.87508011,2.717253208,2.226046294,2.79426429,5.100391006,0.32,1.777100787,4.05,2.6532,6.026800156,42.6724205,0,1,1,0,1,1,0,0.474131391,0,13.9339,0.112088314,0.103365583,0.2512,0.112088314,0.103365583
-0.083885916,1,-0.317071311,2117.046,701.38,2,39.81490326,2.520937204,0.416913277,0.43796667,0.401169775,0.33,0.558659218,5.35,6.0712,1.965600014,42.00106812,0,0,0,0,1,1,1,0.195840254,0,6.9777,0.085389474,0.067666667,0.2437,0.085389474,0.067666667
1.373243074,0,1.41769338,3173.052,1700.852,3,180.6607208,13.91573143,0.411755412,0.8028,0.354735163,0.43,0.095452637,7.17,8.4032,95.89839935,60.12833405,0,0,0,1,1,0,0,0.002677534,0,10.6517,0.16795119,0.19462069,0.0859,0.16795119,0.19462069
0.068139782,0,-0.028318942,2027.384,651.43,2,1590.063354,0.936260402,0.018297643,0.15,4.46882847,0.04,0,0.72,2.8237,-19.23999977,44.16800308,0,0,0,0,1,1,1,0.687010278,5.2219,0.4451,0.078662868,0.048837163,0.0479,0.078662868,0.048837163
0.028346703,0,0.070789485,3095.124,1708.845,1,129.2944946,1.071640968,0.70890576,1.73666667,-2.259458681,0.09,0.218340611,2.57,3.0206,59.04599762,43.88460541,0,0,0,0,0,0,0,0.215573002,30,0.702,0.169421705,0.19349363,-0.052769757,0.169421705,0.19349363
0.123487167,0,0.023014218,3682.095,2291.789,2,22.48889732,1.009745121,4.569425316,4.67,20.03514352,0.2,1.090016542,8.94,7.3092,39.64479828,34.4438324,0,0,0,0,1,0,0,0.102850775,0,5.23,0.20451962,0.248397287,0.2045,0.20451962,0.248397287
0.102150538,0,-0.085954419,3687.728,2293.649,1,-4628.45166,17.78488731,-0.170578298,0,1.109856989,0.01,0,1.02,1.9422,101.7743988,80.62517548,0,0,1,0,0,0,-1,0.616084351,0,0.1036,0.210777823,0.273539067,0.2874,0.210777823,0.273539067
0.16741774,0,0.037068227,3957.534,2496.487,3,45.38406754,6.537974358,2.733174224,3.21741875,2.328599985,0.56,0.197005516,15.85,12.1471,43.80999756,42.82817841,0,0,0,0,1,1,0,0.102053439,0,12.5104,0.201502884,0.22182202,0.2065,0.201502884,0.22182202
0.248001741,0,0.297043082,3927.9083,2698.912,1,46.60352325,6.580218792,2.205364875,2.91387833,4.821916102,0.2637,0.289017341,5.48,5.2131,46.27999878,42.56353378,0,1,0,0,0,0,0,0.062984183,0,19.1178,0.329357943,0.329357943,0.252763546,0.329357943,0.329357943
1.218815552,0,0.994715768,3664.2907,2508.817,1,8410.481445,73.40045166,-0.009490831,3.11,-10.57864446,-0.0324,0.018570319,-0.81,0.0589,39.44720078,57.68449402,0,0,0,0,0,0,0,0.067343695,0,-24.7533,0.340826355,0.340826355,0.3527,0.340826355,0.340826355
0.478401062,0,0.4655384,2326.715,881.756,2,23.48190689,2.336411715,0.518954169,0,0.78713668,0.58,0.74019245,11.82,10.1045,-27.74200058,37.84098053,0,0,1,0,1,1,1,0.337628315,0,9.5259,0.127729519,0.110457871,0.1612,0.127729519,0.110457871
-0.095769971,1,-0.324770311,3568.4676,2661.165,1,105.9840012,3.330346823,1.871981128,0,1.100708541,0.3216,0.325920789,2.92,1.8644,54.96920395,71.27453613,0,0,0,0,0,0,-1,0.288128418,0,3.0835,0.299776095,0.337722222,0.262,0.299776095,0.337722222
0.205673759,0,-0.080018606,3536.9051,2613.263,3,-1920.259033,22.79521179,-0.056591415,0.29,0.008057125,-0.0148,0.08295699,-0.96,-1.2756,55.56720352,64.30067444,0,0,0,0,1,0,1,0.008821543,0,-5.3602,0.292812406,0.35086,0.2868,0.292812406,0.35086
0.957772489,0,0.670810948,3429.5809,2527.477,3,96.15100098,2.562497377,0.49658643,0.9721,-0.294829544,0.1908,0,2.54,1.8484,33.35279846,57.87270355,0,0,0,0,1,0,1,0.054950614,0,1.973,0.280530671,0.358769231,0.2958,0.280530671,0.358769231
0.1716303,0,0.364502932,3142.6869,2106.594,1,16.17534256,2.991807699,3.658226808,2.528,0.931094978,0.48,0.723065799,11.18,8.4335,54.53759766,55.07767868,0,1,0,0,0,0,1,0.010360705,0,24.3803,0.277934923,0.232358734,-0.049,0.277934923,0.232358734
1.898405948,0,1.729417788,2419.02,782.363,2,21.65197372,1.600907445,0.635947537,0.7946,0.907043856,0.42,1.138952164,12.3,11.1604,-14.14400101,35.93796921,0,1,0,0,1,1,1,0.292558746,0,7.6171,0.141976683,0.19661,0.3005,0.141976683,0.19661
0.603264075,0,0.291765908,3459.6396,2584.317,1,102.1252518,1.290756941,1.282077094,0,8.135719306,0.06,0.729461921,1.78,1.9449,44.06999969,61.72919846,0,1,0,0,0,0,0,0.041977541,0,1.6317,0.295888699,0.401747059,0.3624,0.295888699,0.401747059
0.208962162,0,0.062740462,2385.422,776.005,1,68.04177856,3.717976332,0.429447223,0.48,-0.069260045,0.12,0,6.38,5.2205,-1.944800019,33.86694336,0,1,0,0,1,0,1,0.394624217,0,6.2333,0.149569616,0.198908333,0.2977,0.149569616,0.198908333
0.275641026,0,0.213906051,2293.341,851.217,1,21.82984734,0.350994885,1.539357702,1.02666667,2.145065222,0.2688,0,17.82,9.4111,-0.946400046,44.32520676,0,1,0,0,0,1,1,0.704570123,27.2727,5.263,0.152574631,0.201123077,0.2277,0.152574631,0.201123077
0.636638085,0,0.505826329,2328.278,882.001,1,100.4981003,1.252650142,0.234119233,0,-0.375787421,0.09,0,2.46,2.9138,9.859200478,40.03676224,0,1,0,0,0,1,1,0.455096852,0,1.0433,0.172865527,0.19383125,0.2959,0.172865527,0.19383125
0.058884051,0,0.085098248,3584.8237,2708.123,3,54.96162033,5.444866657,1.869054036,1.78185,1.909598343,0.34,0.305164319,9.94,5.9875,35.80720139,61.69386673,0,0,0,0,1,0,0,0.067061514,0,11.7239,0.308744506,0.330670455,0.0667,0.308744506,0.330670455
0.076531124,0,-0.09138715,3459.6396,2584.317,1,49.69643402,3.311144829,1.821924314,1.35,2.311557286,0.2703,0.450856628,12.46,7.2079,52.09879684,65.6181488,0,0,0,0,0,0,1,0.102364592,0,12.7221,0.293874694,0.344517391,0.2287,0.293874694,0.344517391
0.486926445,0,0.165067647,2033.329,1203.308,1,40.64461517,1.252396464,0.690333132,0,-0.76263519,0.1285,0.20979021,3.62,2.5241,-5.688799858,33.31168747,0,1,0,0,0,1,1,0.386470357,0,4.4289,0.108465789,0.114466189,0.3068,0.108465789,0.114466189
0.285714286,0,0.18589713,2282.87,1023.403,1,55.92061996,2.665795565,0.459915612,0,1.083708682,-0.003,0.358102059,-0.08,0.199,-1.159600019,44.77878571,0,1,0,0,0,1,1,0.129591224,0,-0.4652,0.091205466,0.093594321,0.268,0.091205466,0.093594321
-0.141610574,1,-0.202350486,3579.999,2835.701,1,383.2738342,19.93058395,0.574560588,2.7657,-1.723784119,0.0366,0,2.69,2.6403,87.37560272,75.30626678,0,1,0,0,1,0,-1,0.174437613,0,4.715,0.313953571,0.310869565,0.1738,0.313953571,0.310869565
0.061535839,0,-0.033494681,3635.5521,2833.198,2,38.17523193,3.475243092,3.424328486,3.94313846,6.133717842,0.374,0.327689787,10.35,8.0675,42.48399734,54.78923416,0,0,0,0,1,0,0,0.200230127,0,9.3609,0.301378586,0.330883721,0.1636,0.301378586,0.330883721
-0.004928714,1,-0.105349779,3635.5521,2833.198,1,75.57254028,10.62331676,2.176481133,3.04903333,-2.460379471,0.12,0.280269058,5.53,4.5971,60.00800323,62.55847549,0,0,0,0,1,1,-1,0.177387367,0,18.6416,0.317730881,0.324091667,0.149,0.317730881,0.324091667
1.600775194,0,1.471036333,2221.044,1326.091,1,-192.1217194,0.721436799,-0.083159966,0,-1.393021529,-0.03,0,-1.25,0.428,-22.3443985,42.29167557,0,1,0,0,1,0,1,0.328559289,0,-0.7267,0.135270945,0.153568421,0.181,0.135270945,0.153568421
0.547615986,0,0.473606875,3579.999,2835.701,1,34.59605408,13.81448936,4.490568811,0,5.593151064,0.2821,0.234558249,8.65,0,35.17280197,51.63726425,0,0,0,0,0,0,-1,0.275860327,34.58,37.2475,0.314401163,0.302342,0.1872,0.314401163,0.302342
0.166358621,0,-0.00244051,3647.93,2897.569,1,18.74930954,2.15307188,6.84110692,6.875,29.42490882,0.38,0.638569604,4.36,0.6869,59.82080078,57.30158234,0,0,0,0,0,1,0,0.372971808,30,8.8386,0.301378586,0.330883721,0.241,0.301378586,0.330883721
-0.163582176,1,-0.222399056,3584.8237,2708.123,1,72.570961,9.875014305,1.973673052,2.1218945,1.101054615,0.81,0.29385836,10.24,7.5313,0,0,0,0,0,0,1,1,-1,0.066532335,0,15.6364,0.314401163,0.302342,0.1346,0.314401163,0.302342
-0.162260531,1,-0.185878423,3579.999,2835.701,2,193.4608154,10.84915161,0.476177788,0.80096,-0.336281971,0.1,0.264550265,4.91,3.9552,69.35759735,71.70071411,0,0,0,0,1,1,0,0.128600823,0,7.4572,0.310470297,0.296450847,0.1292,0.310470297,0.296450847
0.533425412,0,-0.321860504,2318.305,1504.914,1,251.1945038,15.85910797,0.153487002,14.799925,0.839535307,0.032,0,0.97,0.2145,87.12599945,71.3690033,0,0,0,0,1,1,1,1.289307009,0,3.4901,0.189527642,0.180608696,0.4026,0.189527642,0.180608696
1.272479564,0,0.557275292,2306.862,1495.513,1,355.4650879,8.556049347,0.166632267,0.33,5.220950761,0.0054,0.134615385,0.31,0.872,8.195199966,40.12329483,0,1,0,1,1,0,0,0.336893393,0,2.3198,0.187814974,0.174775,0.3166,0.187814974,0.174775
0.135845284,0,0.199330191,3174.126,1757.739,2,42.36777878,2.611693859,4.339273408,4.25281835,2.183797843,0.74,0.367465112,26.46,15.5775,53.62759781,48.08651352,0,0,0,1,0,0,-1,0.011884896,0,7.6886,0.170242644,0.191932973,0.1212,0.170242644,0.191932973
-0.223152877,1,-0.355468189,3582.271,2183.878,1,33.61126328,7.996224403,10.5526848,10.76979833,6.438126511,0.53,0.244371668,19.93,14.3554,37.07080078,39.61347198,0,0,0,1,0,0,-1,0.036015131,0,26.56,0.183883449,0.200310189,0.1885,0.183883449,0.200310189
0.459300715,0,-0.201639708,2452.66,1494.591,1,41.80994034,2.166202307,1.315216725,1.73407556,1.245473734,0.27,1.451827465,4.26,3.8711,46.46720123,42.98394012,0,1,0,0,1,1,0,0.11348159,0,4.853,0.151323376,0.160010714,0.1591,0.151323376,0.160010714
-0.363568447,1,-0.286669285,3279.533,2009.827,1,49.80898666,2.689870596,3.5744414,3.3600024,-0.191786831,0.82,0.157990571,12.72,8.3501,43.07160187,43.05893326,0,0,0,0,0,0,-1,0.007890704,0,6.2272,0.17951441,0.178047201,-0.162743059,0.17951441,0.178047201
-0.175875471,1,0.007855026,3095.124,1708.845,1,40.34685898,9.607824326,2.611432856,3.24602209,5.061262739,0.49,0.546751706,13.6,6.8397,41.30360031,32.89272308,0,1,0,0,0,0,0,0.090320728,0,14.4389,0.170820368,0.193728981,-0.008,0.170820368,0.193728981
0.370723727,0,0.404836956,3203.827,1825.488,1,26.19930267,1.685299039,8.47012037,8.64990852,13.44197589,0.68,0.64958834,13.32,7.5148,30.3784008,40.63384247,0,0,0,0,0,0,-1,0.053225043,0,8.6002,0.17951441,0.178047201,0.0907,0.17951441,0.178047201
0.005963632,0,0.01978978,3298.359,1880.388,3,34.64780045,11.11424732,5.467630006,5.66513958,6.742260576,0.76,1.731828878,22.02,21.2458,21.12240028,37.98087692,0,0,0,0,1,1,-1,0.107621692,0,29.478,0.184010537,0.191162625,0.1403,0.184010537,0.191162625
0.208342943,0,0.12027482,3262.305,1711.372,1,17.52379417,0.835447133,4.857020184,5.18567158,-1.466635275,0.3917,2.885728515,7.16,3.2243,24.5855999,34.76616669,0,0,0,0,1,1,0,0.16478598,0,3.3059,0.165088773,0.171740141,0.2624,0.165088773,0.171740141
-0.068945259,1,-0.102840102,3352.96,1743.675,1,24.93318939,1.863177419,12.59488817,13.3603965,3.887586547,0.8444,0.538920448,16.97,9.8916,16.49440002,41.89073563,0,0,1,1,0,0,-1,0.150159362,0,11.2318,0.169382673,0.185226787,0.2191,0.169382673,0.185226787
0.324444444,0,0.121141753,3263.052,1961.743,1,-27.05027962,4.614866734,-27.74931,25.065,-11.99548,0.08,0,4.98,6.0304,49.64960098,47.53702927,0,0,1,0,0,0,-1,0.272269242,0,1.3039,0.18057943,0.185597512,0.3056,0.18057943,0.185597512
-0.191428596,1,-0.284224266,3351.764,1697.288,1,42.44394684,5.355734825,8.328462779,6.0527875,1.353798987,0.2774,1.287553648,9.89,5.5097,63.58039856,45.62536621,0,0,1,1,0,1,-1,0.100641654,0,12.3115,0.168830258,0.183923971,0.2024,0.168830258,0.183923971
0.348574668,0,0.154962125,3502.847,2137.462,1,31.01668549,0.706451476,7.778459892,5.52194947,10.73299804,0.23,0.305498982,7.9,5.802,6.598800182,35.37189865,0,0,0,0,0,0,-1,0.057054605,0,2.2411,0.183883449,0.200310189,0.2723,0.183883449,0.200310189
1.850617454,0,1.561789394,3290.9,2035.829,1,-29.09774208,2.53347683,-1.050428229,0,1.47020707,-0.491,0,-20.9,-4.4238,43.47719955,37.3405304,0,1,0,0,1,0,1,0.405394737,7.7955,-18.5339,0.186717505,0.200223978,0.4053,0.186717505,0.200223978
-0.039805117,1,-0.160355976,3222.363,1896.628,3,165.9101105,18.89763832,1.530651209,2.26227903,-1.876979482,0.3899,0.089519213,12.57,8.5294,103.6412048,53.40181732,0,1,0,0,1,0,-1,0.002639951,0,12.8985,0.179883652,0.17904274,0.2109,0.179883652,0.17904274
-0.233967622,1,-0.276738424,3682.095,2291.789,3,36.2061882,6.035021305,4.232621874,4.51603177,1.047240745,0.78,0.236135535,21.72,19.6797,22.39640045,32.52279282,0,0,0,0,1,0,-1,0.064816961,0,15.6775,0.195409424,0.216728563,0.1626,0.195409424,0.216728563
0.216975187,0,0.028373699,3660.727,2385.014,3,99.3705368,33.10374069,2.930101401,4.37223233,-1.012955926,0.33,0.178189594,13.08,11.8385,76.52839661,60.54153442,0,0,0,0,1,1,-1,0.112714025,14.2857,28.8874,0.192928528,0.214157664,0.2998,0.192928528,0.214157664
1.162306845,0,0.939120606,3577.301,2182.919,2,62.26379395,30.67662811,4.323170178,5.70918,29.4895138,0.55,0.179487179,13.28,0,61.02719879,48.12473297,0,1,0,0,0,1,-1,0.120633082,0,34.0722,0.202294172,0.226106278,0.3175,0.202294172,0.226106278
-0.037834345,1,-0.176557147,3577.301,2182.919,1,34.17946243,0.548488081,4.946052561,4.225,-0.271335379,0.17,1.482602118,3.14,1.3208,5.912400246,23.40795898,0,0,0,0,0,0,-1,0.173053556,0,1.3613,0.201502884,0.22182202,0.130037608,0.201502884,0.22182202
-0.140434125,1,-0.084375783,3694.5733,2502.041,3,74.34252167,18.34889603,2.47257598,3.56928604,-2.221428902,0.17,0.157049973,9.84,6.9033,51.57360077,55.92354202,0,0,0,0,1,1,-1,0.049240373,0,28.0362,0.3153,0.3153,0.1351,0.3153,0.3153
0.287878788,0,0.165448744,3663.7256,2539.844,1,42.25770187,3.308414936,2.159881481,3.70017498,0.314170217,0.13,1.474926254,2.21,1.6599,54.57920074,51.08489227,0,0,0,0,1,0,0,0.139813743,0,13.8246,0.2808,0.2808,0.2118,0.2808,0.2808
-0.055775569,1,-0.366696851,3568.4676,2661.165,3,135.4834747,28.57728577,3.60597116,4.49416667,-0.04394069,0.35,0.0683527,11.37,8.1317,89.73640442,59.63653564,0,0,0,0,0,1,-1,0.048996661,0,20.5441,0.295042305,0.363627778,0.3491,0.295042305,0.363627778
-0.033039097,1,-0.086384685,3647.93,2897.569,1,36.38573837,3.311117172,13.59255866,14.90481598,-14.39982996,0.073,1.018181818,2.94,1.6543,44.70959854,57.57777023,0,0,0,0,1,0,-1,0.071192539,0,10.1552,0.29350318,0.327389655,0.0829,0.29350318,0.327389655
-0.087516088,1,-0.402506741,3924.4871,2726.048,1,23.53951073,0.40248993,108.98333,120.2733333,224.5768,0,1.227621483,4.68,1.2265,94.01079559,69.47103882,0,0,0,0,0,1,-1,0.031086695,20,1.6114,0.3153,0.3153,0.4955,0.3153,0.3153
0.036253785,0,-0.192301371,3310.303,1928.044,1,83.70669556,1.13971889,0.394252615,0.54,0.961061364,0,0,3.3,1.925,17.32640076,41.90082932,0,1,0,0,0,1,1,0.201633229,0,1.3049,0.171799147,0.208389356,0.3813,0.171799147,0.208389356
-0.031816451,1,-0.029364555,3794.1094,2570.691,2,110.9239426,22.83462524,4.000185604,5.55757465,3.54632204,0.12,0.276482821,3.85,2.819,53.49240112,50.5426178,0,0,0,-1,1,0,-1,0.033957021,0,13.5839,0.3403,0.3403,0.122,0.3403,0.3403
0.009262138,0,0.300874842,3114.798,1906.214,2,43.10194778,2.452952623,2.956915393,4.4925766,2.239216937,0.23,0.228001871,3.23,2.7145,31.24159813,48.23073578,0,0,0,1,1,0,0,0.011409885,0,6.0557,0.296097975,0.255805295,-0.1322,0.296097975,0.255805295
-0.011904762,1,-0.295715382,3886.3198,2622.188,1,-21.45702171,0.521934509,-12.12628196,0.475,-28.72079302,0.0012,0,0.06,0.9809,58.83800125,52.50331497,0,0,0,0,0,0,-1,0.118421394,0,0.0417,0.339507061,0.339507061,0.4207,0.339507061,0.339507061
0.911320755,0,0.572932484,2964.9674,1990.706,1,47.21177292,0.706792414,0.598857277,0.23665592,2.630496718,0.0775,1.015228426,2.12,1.5283,23.75880051,27.57741928,0,1,0,0,1,0,1,0.158280059,0,1.8027,0.376683333,0.376683333,0.4899,0.376683333,0.376683333
0.638127755,0,0.202712641,3616.1125,2816.048,1,68.49326324,2.355574369,4.529617566,4.41666317,6.495850514,-0.11,0.116662183,-5.21,1.9947,106.9068069,42.22605133,0,0,0,0,1,0,-1,0.006785115,0,-1.422,0.298769796,0.349,0.4644,0.298769796,0.349
0.176754763,0,-0.115291159,3524.992,2692.161,1,70.033638,1.262131453,5.137643435,0,15.81064765,0.23,0.294539438,3.5,2.8167,65.23920441,78.57577515,0,0,0,0,0,0,-1,0.132805095,0,0.9309,0.317730881,0.324091667,0.3583,0.317730881,0.324091667
-0.317955166,1,-0.186106598,3510.354,2745.7,3,77.5951767,32.25716782,5.952335111,6.1888455,8.816040326,0.38,0.184594512,13.84,13.0517,92.04000092,62.20297241,0,0,0,1,1,0,-1,0.015241554,0,46.3026,0.313953571,0.310869565,-0.0321,0.313953571,0.310869565
0.052596629,0,-0.130806171,3375.1961,2485.235,1,1076.36145,1.132152319,-0.932708475,19.30893333,-4.512310215,0.47,0,14.67,18.0307,97.35440063,76.71387482,0,1,0,0,0,0,0,0.046290388,0,12.9993,0.294735868,0.3712625,0.2394,0.294735868,0.3712625
0.068773893,0,0.125095715,3166.6239,1889.491,1,9.964662552,4.607083321,66.84506253,59.07444167,652.650074,1.4272,0.417972832,17.2,0,51.87520218,61.90659332,0,0,0,0,0,1,-1,0.09809514,0,52.057,0.283106564,0.251914307,0.0239,0.283106564,0.251914307
-0.111554532,1,-0.10927203,3520.6682,2709.265,1,31.35390091,12.39500809,19.51870792,19.98227258,18.43310748,0.6,0.821018062,12.01,10.873,29.84280014,45.7919426,0,0,0,0,1,0,-1,0.0529504,45.584,41.2755,0.302691209,0.28325283,0.0586,0.302691209,0.28325283
-0.190970516,1,-0.188831484,3170.4522,2001.156,1,10.63948345,1.026336312,81.15438,63.23452817,258.77978,0,3.439490446,10.63,4.5188,61.06359863,42.94716263,0,0,0,0,0,0,-1,0.104747726,20,14.196,0.283106564,0.251914307,0.0675,0.283106564,0.251914307
0.71,0,0.240899796,3197.8932,2039.118,1,69.68073273,8.756821632,0.894453491,1.9,0.214718236,0.11,0,10.23,2.3573,60.41880035,50.09552765,0,1,0,0,1,0,0,0.070830569,0,16.3306,0.267155626,0.237284433,0.3908,0.267155626,0.237284433
0.057759003,0,-0.0679867,3038.1368,2098.567,1,25.32637787,2.279746532,8.543718125,12.54511614,-21.05462612,0.5565,0.867678959,13.83,1.0872,53.54960251,64.87180328,0,0,0,0,1,0,-1,0.188787731,0,13.0748,0.267584045,0.195336525,0.1538,0.267584045,0.195336525
0.307164546,0,0.117445443,3590.0324,2661.412,2,108.7276917,4.965122223,1.622969106,4.42523229,-0.102147217,0.1594,0.067995777,9.02,5.238,65.4367981,50.95148849,0,1,0,0,1,0,-1,0.039048607,0,5.946,0.295038527,0.348708696,0.2201,0.295038527,0.348708696
0.300291686,0,0.158288376,3536.9051,2613.263,1,27.83683777,0.873479605,2.230248308,1.965,-3.132638853,0.31,0.729394602,4.66,3.1181,41.89120102,53.14510727,0,0,0,0,1,1,1,0.172294276,0,2.9833,0.304849923,0.33528,0.2159,0.304849923,0.33528
-0.113786774,1,0.002523331,3472.4394,2667.912,2,49.28963852,18.90528297,4.903300339,5.48435,3.860313466,1.24,0.16865855,31.49,21.4329,59.55560303,65.04558563,0,1,0,1,1,0,-1,0.01099888,0,32.0232,0.301378586,0.330883721,0.0048,0.301378586,0.330883721
0.015221502,0,-0.207253059,3647.93,2897.569,2,65.08203888,32.78626633,3.312123843,5.26683264,2.515219002,1.07,0.10688592,31,23.4391,122.2624054,77.84240723,0,0,0,0,0,0,-1,0.052527118,0,45.1883,0.299776095,0.337722222,0.2339,0.299776095,0.337722222
0.024449129,0,-0.25680105,3320.6761,2344.74,1,57.00177765,4.785662651,3.467186813,3.71,4.76867721,0.624,0.503355705,8.67,4.894,54.709198,51.69134521,0,0,0,0,0,0,-1,0.079393782,55.5,8.4373,0.281358513,0.355664286,0.3153,0.281358513,0.355664286
-0.205681283,1,-0.549366213,3606.9574,2797.162,2,771.5858765,17.66573143,0.300458749,0.7562494,0.546470331,-0.2,0.193180721,-9.94,-4.2053,110.9991989,97.80418396,0,1,0,0,1,1,-1,0.188948858,0,-23.3797,0.298769796,0.349,0.3872,0.298769796,0.349
-0.021696476,1,-0.207514218,3524.992,2692.161,1,12.90548611,15.31334496,14.36336379,9.326,5.043666295,0.85,1.288992008,13.92,11.9987,57.67839813,50.59526062,0,1,0,0,0,0,-1,0.050171825,0,133.8997,0.292812406,0.35086,0.1851,0.292812406,0.35086
0.485897778,0,0.522585186,3204.907,1750.906,1,17.3781929,1.23810792,2.40327853,2.78,3.181376612,0.796,0.225225225,17.72,9.2085,46.16040039,37.75588989,0,0,0,0,1,1,1,0.144642352,20,7.3287,0.165088773,0.171740141,0.0948,0.165088773,0.171740141
0.060166127,0,-0.08311657,3612.485,2795.78,1,10.35344315,1.428950548,28.37900785,20.43314286,22.29370977,0.54,0.932429786,5.7,3.1964,53.90840149,53.07299423,0,0,1,0,1,0,-1,0.0857445,0,13.2276,0.326045794,0.298989796,0.2445,0.326045794,0.298989796
0.040356561,0,-0.109460318,3584.8237,2708.123,1,27.71419334,1.260197282,18.21395665,24.09842487,3.308239008,0.22,0.495049505,3.39,2.2063,34.82959747,48.08435059,0,0,0,0,0,0,-1,0.135462898,17.0213,3.9894,0.314401163,0.302342,0.2256,0.314401163,0.302342
-0.181638718,1,-0.222932526,3434.5813,2671.292,2,196.697876,7.153436184,1.874069739,2.0325,2.587558905,0.0655,0.029174933,2.27,1.998,54.51680374,61.29220581,0,0,0,0,0,0,-1,0.15990675,0,4.3022,0.31776747,0.31724,0.1593,0.31776747,0.31724
-0.094148082,1,0.192059665,3584.8237,2708.123,2,83.71601105,4.483309746,2.236963182,4.83266667,1.19460546,0.1462,0.111706881,8.27,5.0674,101.4728012,89.9491272,0,0,0,0,1,0,-1,0.100330143,0,6.1901,0.302907865,0.286859259,-0.185,0.302907865,0.286859259
-0.155664261,1,-0.301452229,3470.0698,2691.658,2,115.2139053,12.73705387,1.852691676,2.29945132,-0.009147942,0.1851,0.207420224,2.95,3.0929,77.72439575,67.36611938,0,1,0,0,1,0,-1,0.069068373,0,8.5105,0.304849923,0.33528,0.2132,0.304849923,0.33528
0.287975424,0,0.319534046,3536.9272,2738.149,1,37.79866028,1.808712602,6.427385888,7.64450787,1.376564864,0.636,0.399806108,6.82,5.7503,56.29520035,62.66304016,0,0,0,0,1,0,-1,0.042404663,0,5.3334,0.302907865,0.286859259,0.0439,0.302907865,0.286859259
0.077757355,0,-0.15940534,3533.779,2735.485,1,30.13451576,3.109620571,12.08593941,10.77,9.011290955,0.341,0.380868025,3.03,2.169,27.3987999,47.26445007,0,0,0,0,0,1,-1,0.163003935,0,7.3235,0.318263889,0.308801667,0.3326,0.318263889,0.308801667
0.349493568,0,0.085109811,3533.779,2735.485,1,186.6580963,13.10978603,0.690922333,0,0.245951255,0.08,0.504201681,3.5,3.0562,0,0,0,1,0,0,1,1,0,0.076868626,0,5.0278,0.319509524,0.289091304,0.3791,0.319509524,0.289091304
-0.026483843,1,-0.185972058,3533.779,2735.485,1,23.84509087,3.75596714,14.86437339,10.62735556,25.96243077,0.286,1.152405647,14.47,5.6089,91.31719971,68.19395447,0,0,0,0,1,0,-1,0.164630831,0,14.5209,0.319146364,0.310672581,0.2388,0.319146364,0.310672581